,MITRA,MITRA KERJA SAMA,JENIS KERJASAMA,SIGN,NOMOR,SIGN,NOMOR,MASA BERLAKU,MULAI,BERLAKU HINGGA,STATUS,DOKUMEN,
2017,Ormas,Himpunan Nelayan Seluruh Indonesia,Perjanjian Kerja Sama,Dirjen PT,04/PKS/DJPT-KKP/XI/2017,Ketua Umum,011/DPP HNSI/PKS/XI/2017,5,11/10/2017,11/10/2022,Tidak Berlaku,Dokumen,https://drive.google.com/file/d/1WssyAf_n1CETl0HJN2-OwAILqC8okMLU/view?usp=drive_link
2017,BUMN,BRI,Perjanjian Kerja Sama,Dir. LPMUKP,05/PKS-LPMUKP/VIII/2017,Dir. BRI,B.973-DIR/INS/08/2017,5,8/25/2017,8/25/2022,Tidak Berlaku,Dokumen,https://drive.google.com/file/d/1WoCJe4-cquw7M9v6Hks6mFkMIrlD4xhP/view?usp=drive_link
2017,BUMN,PT. PERTAMINA ,Perjanjian Kerja Sama,"Dir. SDM, TI, dan Umum",SP-008/K00000/2017-S0,Sekjen KKP,01/SJ/KKP/PKS/VI/2017,5,6/21/2017,6/21/2022,Tidak Berlaku,Dokumen,https://drive.google.com/file/d/1io-7-4NMO1QNGUi7rfbgW5UllyOaPmwN/view?usp=drive_link
2017,K/L,LKPP,Nota Kesepahaman,Ka. LKPP,9 Tahun 2017,MKP,15/MEN-KP/KB/XII/2017,3,12/13/2017,12/13/2020,Tidak Berlaku,Dokumen,https://drive.google.com/file/d/1BmQHRbB8i_GbaJde0L0jAYaIvJyVY5Ge/view?usp=drive_link
2017,BUMN,PT POS Indonesia,Perjanjian Kerja Sama,DirJen PRL,3/PRL/KKP/PKS/X/2017,Dirut PT Pos Indonesia,PKS.259/DIRUT/1017,3,10/31/2017,10/31/2020,Tidak Berlaku,Dokumen,https://drive.google.com/drive/folders/1StF072uFgAhfGrQT-Bzt-qgpchSRc-1c?usp=drive_link
2017,BUMN,BRI,Perjanjian Kerja Sama,Dirjen PT,03/PKS/DJPT-KKP/VIII/2017,Dir. BRI,B.974-DIR/PPK/08/2017,3,8/25/2017,8/25/2020,Tidak Berlaku,Dokumen,https://drive.google.com/file/d/1OLCNORc7MCsQP-EPCDh3YbmgbdASzW73/view?usp=drive_link
2017,K/L,KPPPA,Kesepakatan Bersama,MKP,07/MEN-KP/KB/VI/2017,MenPPPA,21/KPP-PA/D.I/06/2017,3,6/16/2017,6/16/2020,Tidak Berlaku,Dokumen,https://drive.google.com/file/d/1S0h1CWFPCtCiwYfP_SI0p1QBAfc17tYx/view?usp=drive_link
2017,BUMN,PLN,Kesepakatan Bersama,Sekjen KKP,,Dirut PLN,,3,6/16/2017,6/16/2020,Tidak Berlaku,Dokumen,https://drive.google.com/file/d/1fGrRnlPbl_Qh_NrpDfWEOyQt4t9OaQBM/view?usp=drive_link
2017,K/L,LAPAN,Perjanjian Kerja Sama,Dirjen PSDKP,01/PKS-DJPSDKP/2017,Deputi Bidang Teknologi Penerbangan dan Antariksa,15/04/2017,3,4/18/2017,4/18/2020,Tidak Berlaku,Dokumen,https://drive.google.com/file/d/1rWeo7UxSoYA89wKDKFH6M3gMSBVTmnwQ/view?usp=drive_link
2017,K/L,BPPT,Perjanjian Kerja Sama,Dirjen PB,04/PB/KKP/IV/2017,"Deputi Bidang Teknologi Agroindustri dan Bioteknologi,",23/PKS/BPPT-KKP/04/2017,3,4/18/2017,4/18/2020,Tidak Berlaku,Dokumen,https://drive.google.com/file/d/17qSm_N12_T53SMH-wzwVQnqoEa_V1vxZ/view?usp=drive_link
2017,K/L,BPPT,Nota Kesepahaman,Sekjen KKP,06/MEN-KP/KB/IV/2017,Ka. BPPT,18/NK/BPPT-KKP/04/2017,3,4/18/2017,4/18/2020,Tidak Berlaku,Dokumen,https://drive.google.com/file/d/15HhIRKS7FMty_W-pYZpEMsWgZxrGBvQ3/view?usp=drive_link
2017,K/L,BPPT,Nota Kesepahaman,Sekjen KKP,06/MEN-KP/KB/IV/2017,Ka. BPPT,18/NK/BPPT-KKP/04/2017,3,4/18/2017,4/18/2020,Tidak Berlaku,Dokumen,https://drive.google.com/file/d/1qwJGVEfMMLsNFOHFIwlA0nfZwd5gMX_M/view?usp=drive_link
2017,K/L,Balitbang Kemdikbud,Perjanjian Kerja Sama,Dirjen PRL,I/PRL/KKP/PKS/III/2017,Ka. Balitbang Kemdikbud,,3,3/13/2017,3/13/2020,Tidak Berlaku,Dokumen,https://drive.google.com/file/d/1mHf_Z4nhfWHhvZek3_QLA5x2HVrlKAoE/view?usp=drive_link
2017,K/L,Kemdikbud,Nota Kesepahaman,MKP,04/MEN-KP/KB/II/2017,Mendikbud,10/II/NK/2017,3,2/25/2017,2/25/2020,Tidak Berlaku,Dokumen,https://drive.google.com/file/d/1TkPnwjQ-A_cm6t0EgQI7i91YondycngJ/view?usp=drive_link
2017,Universitas,Universitas Muhaammadiyah Malang,Kesepakatan Bersama,MKP, 05/MEN-KP/KB/II/2017,Rektor UMM,E.5.c/366/UMM/11/2017,3,2/25/2017,2/25/2020,Tidak Berlaku,Dokumen,https://drive.google.com/file/d/1c2q2vw6sOXmNnvUvmuNJoWHzaVYDy7Dt/view?usp=share_link
2017,K/L,Deputi Bidang Pengembangan Kelembagaan Kepariwisataan ,Perjanjian Kerja Sama,Ka. BPSDMKP,17/BPSDMKP/KKP/PKS/II/2017,Ka. Deputi Bidang Pengembangan Kelembagaan Kepariwisataan ,PK.70/KS.001/DPKP/KEMPAR/2017,3,2/7/2017,2/7/2020,Tidak Berlaku,Dokumen,https://drive.google.com/file/d/1_kD9f72I8GcYV8ChH1w401y1WJt1Xhf9/view?usp=drive_link
2017,K/L,Kemenpar,Kesepakatan Bersama,MKP,03/MEN-KP/KB/II/2017,Menpar,KB.2/KS.001/MP/2017,3,2/7/2017,2/7/2020,Tidak Berlaku,Dokumen,https://drive.google.com/file/d/1oiaTxQGMAsu5HXKmWqebxKnKsmzKSfza/view?usp=drive_link
2017,Ormas,Yayasan Dana Sejahtera Mandiri                                                                                                                                                                                                                                                                                                                                                                                                                  Universitas Trilogi                                                                                                                                                                                                                                                                                                                                                                                                                             ,Kesepakatan Bersama,MKP,01/MEN-KP/KB/II/2017,Ketua Yayasan dan Rektor,006/MoU//YDSM/I/2017,3,2/2/2017,2/2/2020,Tidak Berlaku,Dokumen,https://drive.google.com/file/d/1YXV0hRDjZERE112QYvogosCS1D69cC77/view?usp=drive_link
2017,K/L,BPPT,Perjanjian Kerja Sama,Dir. KAPI,01/PKS/DJPT-KKP/4/2017,Dir. Pustek Rekayasa Industri Maritim,22/PKS/BPPT-KKP/04/2017,,4/18/2017,12/31/2017,Tidak Berlaku,Dokumen,https://drive.google.com/file/d/1RZuSivXSbxBqj1TJZnOLZsVOb2g5fbJ9/view?usp=drive_link
2018,K/L,SKK Migas,Nota Kesepahaman,MKP,07/MEN-KP/KB/X/2018,Ka. SKK Migas,MOU - 0003/SKKMA0000/2018/SO,5,10/18/2018,10/18/2023,Tidak Berlaku,Dokumen,https://drive.google.com/file/d/18fxyd_EbULlTPv3SlJQK4P8LmdixcQfF/view?usp=drive_link
2018,K/L,"Ditjen Dukcapil, Kemendagri",Perjanjian Kerja Sama,"Dirjen Dukcapil, Kemendagri",119/18561/DUKCAPIL,Sekjen KKP,04/SJ/KKP/PKS/X/2018,5,10/8/2018,10/8/2023,Tidak Berlaku,Dokumen,https://drive.google.com/file/d/1XAyKIHSG1KJl-DDKu7SuMzmXD-kMPVIu/view?usp=drive_link
2018,K/L,"Pusat Alikasi Isotop dan Radiasi, BATAN",Perjanjian Kerja Sama,Ka. PusRiKel,16/BRSDM/KKP/PKS/VIII/2018,Ka. Pus Alikasi Isotop dan Radiasi,B-2396/BATAN/AIR/KS 00 01/08/2018,5,8/16/2018,8/16/2023,Tidak Berlaku,Dokumen,https://drive.google.com/file/d/1RDTKmVtj7t9CgpTymf-ukc0rfJx9WszZ/view?usp=drive_link
2018,Universitas,Universitas Brawijaya,Kesepakatan Bersama,MKP,07/MEN-KP/KB/VIII/2018,Rektor UNIBRAW,085/UN10/KS/2018,5,8/14/2018,8/14/2023,Tidak Berlaku,Dokumen,https://drive.google.com/file/d/1aNypabo7sICCVPnKaEMSBJivuMPQYca_/view?usp=drive_link
2018,Universitas,Universitas Diponegoro,Kesepakatan Bersama,MKP,06/MEN-KP/KB/VIII/2018,Rektor UNDIP,4902/UN7.P/KS/2018,5,8/12/2018,8/12/2023,Tidak Berlaku,Dokumen,https://drive.google.com/file/d/10HXxjaQVumZ295Gg2wFrO7siR84p1Pg6/view?usp=drive_link
2018,K/L,BPOM,Perjanjian Kerja Sama,Dirjen PDSPKP,04/PDSPKP/KKP/PKS/VII/2018,Deputi Bid. Pengawasan Pangan Olahan,HK.09.01.5.23.07.82.2844,5,7/30/2018,7/30/2023,Tidak Berlaku,Dokumen,https://drive.google.com/file/d/1iSMciGmH8ntSUhyaeL5-ELGP0VC2Ldwd/view?usp=drive_link
2018,K/L,Kemendagri,Nota Kesepahaman,MKP,05/MEN-KP/KB/VII/2018,Mendagri,523/5141/SJ,5,7/24/2018,7/24/2023,Tidak Berlaku,Dokumen,https://drive.google.com/file/d/1r5ePGxu391qLt8MZGJjCtCZZCNI-x-3f/view?usp=drive_link
2018,Pemda,Kabupaten Karangasem,Kesepakatan Bersama,Bupati Karangasem,075/311/KB/AD.PEM/2018,Dirjen PB,11/DJPB-KKP/KB/VI/2018,5,6/22/2018,6/22/2023,Tidak Berlaku,Dokumen,https://drive.google.com/file/d/1G96b-GHvTiWM-1zAtORhzI2jCKgs2DTy/view?usp=drive_link
2018,Universitas,FPIK UNIBRAW,Perjanjian Kerja Sama,Kapusdik KP,160/BRSDM.4/KS.300/V/2018,Dekan FPIK Unibraw,2416/UN10.F06/KS/2018,5,5/2/2018,5/2/2023,Tidak Berlaku,Dokumen,https://drive.google.com/file/d/1shsM6VoiO6FN6-4oYVKOpvRJQXn9dArN/view?usp=drive_link
2018,K/L,"Dirjen Hubungan Hukum Keagrariaan, Kementerian Agraria dan Tata Ruang
Dirjen Bina Pembangunan Daerah, Kemendagri
Deputi Bidang Pembiayaan, KemKop UKM, 
Dirjen Prasarana dan Sarana Pertanian, Kementan                                                                                                                                                                                                                                                                                                                                                                                                                    Dirjen PT, KKP
Dirjen PB, KKP",Perjanjian Kerja Sama,"Dirjen Hub Hukum Keagrariaan, Kementerian Agraria dan Tata Ruang",29/SKB-400/IV/2018,"Dirjen Hubungan Hukum Keagrariaan, Kementerian Agraria dan Tata Ruang
Dirjen Bina Pembangunan Daerah, Kemendagri
Deputi Bidang Pembiayaan, KemKop UKM, 
Dirjen Prasarana dan Sarana Pertanian, Kementan                                                                                                                                                                                                                                                                                                                                                                                                                    Dirjen PT, KKP
Dirjen PB, KKP",500/1738/Banda/2018                                                                                                                                                                                                                                                                                                                                                                                                                                                                                                                                                                                                                                                                                                                                                                                                                                                                                             01/PKS/Dep.2/IV/2018                                                                                           03/MoU/OT.160/B/04/2018                                                                                                   01/PKS/DJPT-KKP/IV/2018                                                                                                                      01/DJPB-KKP/PKS/IV/2018,5,4/5/2018,4/5/2023,Tidak Berlaku,Dokumen,https://drive.google.com/file/d/1frADh0fpFOVC1TzolEnD0CtoWDLoCyXs/view?usp=drive_link
2018,BUMN,BNI,Perjanjian Kerja Sama,Ka. Pusdatin,03/SJ/KKP/PKS/IV/2018,Pimpinan Divisi Hubungan Kelembagaan,HLB/021/PKS/2018,5,4/5/2018,4/5/2023,Tidak Berlaku,Dokumen,https://drive.google.com/file/d/1W_uh_RYBXWK8_OXbxDftoXHxSWkXX7ET/view?usp=drive_link
2018,Ormas,MDPI,Kesepakatan Bersama,Sekjen KKP,02/SJ-KKP/KB/2018,Direktur Eksekutif MDPI,004/MDPI-KB/XII/2018,3,12/7/2018,12/7/2022,Tidak Berlaku,Dokumen,https://drive.google.com/file/d/1bVbgunScSyGNlRUEBOURJ4FT0Wff0_qE/view?usp=drive_link
2018,Swasta,PT. Martina Berto,Perjanjian Kerja Sama,Ka. BBRPPBKP,180/BRSDM/KKP/PKS/X/2018,Kuasa Direksi,49/LGL/MB-BRSDM/X/2018,3,10/9/2018,10/9/2021,Tidak Berlaku,Dokumen,https://drive.google.com/file/d/1xOwrYXEVIqnYOYmu3gEbZRQy4WIO3E8i/view?usp=drive_link
2018,Universitas,Universitas Mulawarman,Kesepakatan Bersama,Kepala BRSDMKP,64/BRSDM/KKP/KB/IX/2018,Rektor Universitas Mulawarman,2111/UN17/KS/2018,3,9/19/2018,9/19/2021,Tidak Berlaku,Dokumen,https://drive.google.com/file/d/1jjR3IpqcX4wpY8pkLQTVwmyQ-Rp0W4Bx/view?usp=drive_link
2018,K/L,"Badan Ketahanan Pangan
UGM",Nota Kesepahaman,Ka. Badan Ketahanan Pangan,B-386/HK.220/J/09/2018,Dirjen PDSPKP,05/PDSPKP-KKP/PKS/IX/2018,3,9/18/2018,9/18/2021,Tidak Berlaku,Dokumen,https://drive.google.com/file/d/15aa3HZM08qzh5Ftnc0G1mCybHYP2yCT7/view?usp=drive_link
2018,Universitas,Universitas Halu Oleo,Perjanjian Kerja Sama,Ka. BRSDMKP,98/BRSDMKP/KKP/PKS/IX/2018,Rektor Universitas Halu Oleo,2156/UN29/LL/2018,3,9/15/2018,9/15/2021,Tidak Berlaku,Dokumen,https://drive.google.com/file/d/1YSIZnmXqAeovpdlWZAGN_2EJIVo32v1y/view?usp=drive_link
2018,K/L,"Lembaga Biologi Molekuler EIJKMAN, RISTEKDIKTI",Perjanjian Kerja Sama,Dirjen PRL,5/PRL/KKP/PKS/IX/2018,Kepala Lembaga Biologi Molekuler EIJKMAN,07.1/Eijk/MoU-18/IX/2018,3,9/3/2018,9/3/2021,Tidak Berlaku,Dokumen,https://drive.google.com/file/d/1YTXEWlo1nJIgEuz4BdqHs2ULp3-xyHFI/view?usp=drive_link
2018,Ormas,Perhimpunan Pelestarian Burung Liar Indonesia,Perjanjian Kerja Sama,Dirjen PRL,03/PRL/KKP/PKS/VII/2018,Ketua Dewan Perhimpunan,002/PKS-BOGOR/VII/2018,3,7/11/2018,7/11/2021,Tidak Berlaku,Dokumen,https://drive.google.com/file/d/1bvTPSwTDEUSDbfrp6VyROUZmquBWR7co/view?usp=drive_link
2018,BUMN,PT. Garam,Perjanjian Kerja Sama,Dir Jasa Kelautan,02/PRL/KKP/PKS/V/2018,Dir. Operasi,20/KS/V/2018,3,5/23/2018,5/23/2021,Tidak Berlaku,Dokumen,https://drive.google.com/file/d/1VbEzFPcKcVnZ7-uRJUKJOtWKm6cykdfw/view?usp=drive_link
2018,Universitas,Universitas Singaperbangsa Karawang,Perjanjian Kerja Sama,Dir. Poltek KP Karawang,259.1/POLTEK.KRW/KS.310/III/2018,Rektor Universitas Singaperbangsa Karawang,494/UN64/KS/2018,3,5/23/2018,5/23/2021,Tidak Berlaku,Dokumen,https://drive.google.com/file/d/1wDceVrjM9GCJbiTJKXv21UtTPk0mxiRE/view?usp=drive_link
2018,K/L,Pupuk Indonesia (Persero),Nota Kesepahaman,Sekjen KKP,01/SJ-KKP/KB/V/2018,Direktur Utama,033.1/SP/DIR-D20/2018,3,5/18/2018,5/18/2021,Tidak Berlaku,Dokumen,https://drive.google.com/file/d/1dUDcMQNhIzq3uBwYJhCF6VVBsqZbxWVj/view?usp=drive_link
2018,Swasta,LPK Wakashio Gakkou,Perjanjian Kerja Sama,Ka. SUPM Tegal,0722/BRSDM-SUPM TGL/KS.310/V/2018,General Manager ,,3,5/9/2018,5/9/2021,Tidak Berlaku,Dokumen,https://drive.google.com/file/d/15XYVQ4qol1wYVTyDN-KxTpctvCc4jks2/view?usp=drive_link
2018,K/L,BMKG,Kesepakatan Bersama,MKP,04/MEN-KP/KB/IV/2018,Ka. BMKG,KS.301/MoU.10/KB/IV/2018,3,4/23/2018,4/23/2021,Tidak Berlaku,Dokumen,https://drive.google.com/file/d/1kU6OF0WWtFPWDfzYFZBR1kiDoefV8sO_/view?usp=drive_link
2018,BUMN,Garuda Indonesia,Nota Kesepahaman,Sekjen KKP,KKP 03/MEN-KP/KB/IV/2018,Direktur Utama,IG/PERJ/MOU/DZ-3092/2018,3,4/5/2018,4/5/2021,Tidak Berlaku,Dokumen,https://drive.google.com/file/d/13EHVEcW1dORnmI1SKBb1V0WB3qVrn9w0/view?usp=drive_link
2018,K/L,KemKominfo,Perjanjian Kerja Sama,Sekjen KKP,02/SJ/KKP/I/2018,Sekjen KemKominfo,01/SJ/KOMINFO/HK.03.02/01/2018,3,1/18/2018,1/18/2021,Tidak Berlaku,Dokumen,https://drive.google.com/file/d/1sUzb6pTnDj5BbtbpDFGIjTInhvcWgFIV/view?usp=drive_link
2018,BUMN,PT. PERTAMINA GAS,Perjanjian Kerja Sama,Sekjen KKP,01/SJ/KKP/PKS/I/2018,Presiden Direktur,004/PG0000/2018-SO,3,1/17/2018,1/17/2021,Tidak Berlaku,Dokumen,https://drive.google.com/file/d/1kBAAJce7Mgs7Q2it6JzPkSl-OxD6SdEk/view?usp=drive_link
2018,Ormas,Asosiasi Perikanan Pole & Line dan Handline Indonesia (AP2HI),Perjanjian Kerja Sama,Dirjen PT,02/PT/KKP/PKS/VI/2018,Sekjen AP2HI,001/PKS/AP2HI-DJPT/VI/2018,2,6/1/2018,6/1/2020,Tidak Berlaku,Dokumen,https://drive.google.com/file/d/18bxaxYLKGvac8LFVyL42Dle64qHnSTcc/view?usp=drive_link
2018,K/L,TNI AL,Perjanjian Kerja Sama,Kadis Perawatan Personel AL,PKS/5/II/2018,Ses. BRSDMKP,01/BRSDM/KKP/PKS/2018,2,2/21/2018,2/21/2020,Tidak Berlaku,Dokumen,https://drive.google.com/file/d/1e5NNeXMYwZs6QGGOyGd7WPYv8s3mTmlI/view?usp=drive_link
2018,Ormas,KemenTan,Kesepakatan Bersama,MKP,01/MEN-KP/KB/I/2018,MenTan,02/Mou.HK.220/1/2018,2,1/11/2018,1/11/2020,Tidak Berlaku,Dokumen,https://drive.google.com/file/d/1TBVnBVhuClmRgJ-kYElIKeoyto6oSE3S/view?usp=drive_link
2018,K/L,BNN Kabupaten Karawang,Perjanjian Kerja Sama,Ka. BNN Kab Karawang,PKS/05/V/2018/BNNK KRW,Dir. Poltek KP Karawang,520/POLTEK.KRW/KS.320/V/2018,1,5/23/2018,5/23/2019,Tidak Berlaku,Dokumen,https://drive.google.com/file/d/1qXXcO56QutWa03tF2Ydhda0s21YxAxS9/view?usp=drive_link
2018,K/L,"Dit. Statistik Harga, BPS",Perjanjian Kerja Sama,SesDitjen PRL,1/PRL/KKP/PJ/II/2018,"Dir. Statistik Harga, BPS",04A.08.15/KS.P/15-II/2018,,2/15/2018,12/31/2018,Tidak Berlaku,Dokumen,https://drive.google.com/file/d/1Dwg1ftHUutinLbWF9Y4NXhxEuZE_KGLD/view?usp=drive_link
2018,BUMN,Bank Mandiri,Perjanjian Kerja Sama,Dirjen PB,1/PB/KKP/PKS/I/2018,Direktur Kelembagaan,DIR.PKS/002/2018,,1/11/2018,,,Dokumen,https://drive.google.com/file/d/1Q57OCBW5yIMZXjVlOi2cLF2rCoL9Dx7Z/view?usp=drive_link
2019,K/L,"Ditjen Kesehatan Masyarakat, Kemenkes",Perjanjian Kerja Sama,Dirjen Kesehatan Masyarakat,HK.03.01/V/1801/2019,Dirjen PDSPKP,11/PDSPKP-KKP/PKS/XII/2019,5,12/14/2019,12/14/2024,Tidak Berlaku,Dokumen,https://drive.google.com/file/d/1coqP9fUgxH2nNyrw9EFG13k7kWrUVOIj/view?usp=drive_link
2019,K/L,Kemenhub,Kesepakatan Bersama,MKP,08/MEN-KP/KB/XII/2019,MenHub,PJ.105 TAHUN 2019,5,12/4/2019,12/4/2024,Tidak Berlaku,Dokumen,https://drive.google.com/file/d/1LU1BdrodGlj03qHB9zX7uR9c-q_in0ZG/view?usp=drive_link
2019,K/L,BNN,Nota Kesepahaman,Ka. BNN,NK/115/X/KA/HK/2019/BNN,MKP,06/MEN-KP/KB/X/2019,5,10/18/2019,10/18/2024,Tidak Berlaku,Dokumen,https://drive.google.com/file/d/1LaXHYImTYUHOynssS1rNe6R4zHx_CP5K/view?usp=drive_link
2019,K/L,BAKAMLA,Kesepakatan Bersama,MKP,07/MEN-KP/KB/X/2019,Ka.BAKAMLA,SP - 029/BAKAMLA/X/2019,5,10/18/2019,10/18/2024,Tidak Berlaku,Dokumen,https://drive.google.com/file/d/1K-EX6R5ot3cPszGCCj0FiOijqyz0tgob/view?usp=drive_link
2019,K/L,"Deputi Bid Pencegahan, Perlindungan, dan Deradikalisasi, BNPT",Perjanjian Kerja Sama,"Deputi Bid Pencegahan, Perlindungan, dan Deradikalisasi, BNPT",HK.02.00/10/2019,Sekjen KKP,08/PKS-DJPSDKP/IX/2019,5,9/10/2019,9/10/2024,Tidak Berlaku,Dokumen,https://drive.google.com/file/d/1g8GiIk-gprUDMGqnckFjmaRpgUUCfcgD/view?usp=drive_link
2019,K/L,BNPT,Nota Kesepahaman,Ka. BNPT,HK.02.00/9/2019,MKP,04/MEN-KP/KB/IX/2019,5,9/10/2019,9/10/2024,Tidak Berlaku,Dokumen,https://drive.google.com/file/d/1wQMLI6sxC3LK65zbhrmng6XvbeVO36hG/view?usp=drive_link
2019,K/L,BNP2TKI,Kesepakatan Bersama,MKP,05.1/MEN-KP/KB/IX/2019,Ka.BNP2TKI,B.12/Ka-MoU/IX/2019,5,9/10/2019,9/10/2024,Tidak Berlaku,Dokumen,https://drive.google.com/file/d/1sDpEWO8BMnmOWGK44LTknkVLhQDERdY_/view?usp=drive_link
2019,K/L,LIPI,Nota Kesepahaman,MKP,05/MEN-KP/KB/IX/2019,Ka. LIPI,61/KS/LIPI/IX/2019,5,9/9/2019,9/9/2024,Tidak Berlaku,Dokumen,https://drive.google.com/file/d/1GbguVhlSkbGqibI7P6OYmQlL2Mmsbd9l/view?usp=drive_link
2019,BUMN,Biro Klasifikasi Indonesia (PERSERO),Kesepakatan Bersama,Sekjen KKP,02/SJ-KKP/KB/IX/2019,Direktur Utama,B.8471/HK.503/KI-19,5,9/9/2019,9/9/2024,Tidak Berlaku,Dokumen,https://drive.google.com/file/d/1HS2NbKxdbG8Ga0bQi-FKnLmvM_Bur9tZ/view?usp=drive_link
2019,K/L,"Pusat Riset dan Pengembangan SDM, BSN",Perjanjian Kerja Sama,"Kapus Standardisasi Sistem dan Kepatuhan, BKIPM",,"Kapus Riset dan Pengembangan SDM, BSN",,5,8/21/2019,8/21/2024,Tidak Berlaku,Dokumen,https://drive.google.com/file/d/1v8AtoziXmmF1WRvqBYTbL0E2d9HP1sRi/view?usp=drive_link
2019,K/L,POLRI,Nota Kesepahaman,Kapolri,B/90/VII/2019,MKP,03/MEN-KP/KB/VII/2019,5,7/30/2019,7/30/2024,Tidak Berlaku,Dokumen,https://drive.google.com/file/d/1HhamCeNqsFlAyk_LX3V5_C1ehORG3Enq/view?usp=drive_link
2019,K/L,"Kemenkomar
Kemenhub
KLHK
KKP
Kemenpar
TNI
BIG",Kesepakatan Bersama,Menkomar,03/NKB/MARITIM//III/2019,"
Menhub
Men LHK
MKP
Menpar
Panglima TNI
Ka. BIG",03/MEN-KP/KB/III/2019,5,3/26/2019,3/26/2024,Tidak Berlaku,Dokumen,https://drive.google.com/file/d/1IzL9kIJFNTFZZ7mNbChD-lVxeWrdtBKd/view?usp=drive_link
2019,K/L,BNPB,Nota Kesepahaman,MKP,02/MEN-KP/KB/III/2019,Ka.BNPB,17/BNPB/III/2019,5,3/8/2019,3/8/2024,Tidak Berlaku,Dokumen,https://drive.google.com/file/d/1nwzgpeJoqUcZM42G9thqpwjZy2MAK9_d/view?usp=drive_link
2019,BUMN,Angkasa Pura I,Nota Kesepahaman,Ka. BKIPMKHP,866/BKIPM/II/2019,Direktur Utama,SP.32/HK.09.01/2019/DU,5,2/14/2019,2/14/2024,Tidak Berlaku,Dokumen,https://drive.google.com/file/d/10JsXop2Ib3HDy1loZ3C_oeco6bBZZIa0/view?usp=drive_link
2019,K/L,TNI,Nota Kesepahaman,MKP,01/MEN-KP/KB/II/2019,Panglima TNI,NK/1/II/2019/TNI,5,2/11/2019,2/11/2024,Tidak Berlaku,Dokumen,https://drive.google.com/file/d/1XV53pH93iaS7Qkf0T_FnVywTGJYVX-lX/view?usp=drive_link
2019,K/L,BPJS Ketenagakerjaan,Kesepakatan Bersama,Sekjen KKP,04/SJ-KKP/KB/XII/2019,Dirut BPJS Ketenagakerjaan,MoU/21/122019,3,12/4/2019,12/4/2022,Tidak Berlaku,Dokumen,https://drive.google.com/file/d/1G95ki7azFu3kYeYVFU4r9sgDOvhuSPth/view?usp=drive_link
2019,Ormas,WWF Indonesia,Kesepakatan Bersama,Sekjen KKP,03/SJ-KKP/KB/X/2019,CEO WWF Indonesia,018/WWF-ID/LGL-MOU-20014/X/FY20/2019,3,10/18/2019,10/18/2022,Tidak Berlaku,Dokumen,https://drive.google.com/file/d/1HwIXsHhBrRTJ_JkSbYknq41YHpMh03GC/view?usp=drive_link
2019,BUMN, PT. Pertamina (Persero) Marketing Operation Region VIII,Perjanjian Kerja Sama,SesDitjen PRL,5/PRL/KKP/PKS/IX/2019,General Manager Marketing Operation Region VIII,074/F18400/2019-S7,3,9/25/2019,9/25/2022,Tidak Berlaku,Dokumen,https://drive.google.com/file/d/1iJuh-EovQyCVVQEAl3CEfLEo64wANsVU/view?usp=drive_link
2019,Ormas Asing,SFPF,Memorandum Saling Pengertian,Sekjen KKP,,Direktur Program,,3,9/17/2019,9/17/2022,Tidak Berlaku,Dokumen,https://drive.google.com/file/d/1yiOsHATqph9TH5UMRMe-GhebxOMTREi3/view?usp=drive_link
2019,Ormas Asing,MSC,Memorandum Saling Pengertian,Sekjen KKP,,Regional Director Asia Pacific,,3,8/27/2019,8/27/2022,Tidak Berlaku,Dokumen,https://drive.google.com/file/d/1j-EENT-gVEBf6IKh1d934HNegSoouwe5/view?usp=drive_link
2019,K/L,"Ditjen Bea Cukai
Badan Karantina Pertanian",Perjanjian Kerja Sama,Dir. Teknis Kepabeanan,KEP-197/BC/2019,Sekretaris BKIPMKHP,3408/BKIPM.1/KS.300/VII/2019,3,7/3/2019,7/3/2022,Tidak Berlaku,Dokumen,https://drive.google.com/file/d/1tCoh5p5pnlpI_unakwy4efjzR_YkruAu/view?usp=drive_link
2019,Ormas Asing,EDF,Memorandum Saling Pengertian,Sekjen KKP,,VP Asia Pasific EDF,,3,4/9/2019,4/9/2022,Tidak Berlaku,Dokumen,https://drive.google.com/file/d/1WVmvwvcw9frC6quS3fxQ0UP60HkwbSEa/view?usp=drive_link
2019,Universitas,Universitas Diponegoro,Perjanjian Kerja Sama,Dirjen PT,12/PT/KKP/PKS/III/2019,Dekan FPIK Undip,003/UN7.5.10/KS/III/2019,3,3/21/2019,3/21/2022,Tidak Berlaku,Dokumen,https://drive.google.com/file/d/1ggv7ayCz48n58E5rg1ER23uaQ1RRt-st/view?usp=drive_link
2019,Swasta,PT. ASTRA Daihatsu Motor,Perjanjian Kerja Sama,SesDitjen PRL,04/PRL/KKP/PKS/II/2019,Direktur Marketing,001/CSR-ADM/PKS/-2/19,3,2/13/2019,2/13/2022,Tidak Berlaku,Dokumen,https://drive.google.com/file/d/1KaYmS3TSqlQW8bxEHsruYvavY3_HBmup/view?usp=drive_link
2019,Ormas,Yayasan Penyu Indonesia,Perjanjian Kerja Sama,Ka. BPSPL Padang,02/BPSPL.01/PRL/KKP/PKS/I/2019,Ketua YPI,01/YPI/PKS/I/2019,3,1/16/2019,1/16/2022,Proses Peninjauan,Dokumen,https://drive.google.com/file/d/1GECp280aJJdkSjQe6lJqWPi0sWn0Upn7/view?usp=drive_link
2019,K/L,"Balai Besar Kalibrasi Fasilitas Penerbangan, DitJen HubUd, Kemenhub",Perjanjian Kerja Sama,"Dir. POA, DitJen PSDKP",010/PKS-DJPSDKP/XII/2019,Direktur Balai Besar,HK.201/3/5/BBKFP-2019,2,12/11/2019,12/10/2021,Tidak Berlaku,Dokumen,https://drive.google.com/file/d/1k0oiY53QMRzH0xzmUaoMW4oddpsA_Qnh/view?usp=drive_link
2019,K/L,"Ditjen HubLa, Kemenhub",Perjanjian Kerja Sama,"Dirjen PT, KKP",01/PT/KKP/PKS/III/2019,"Dirjen HubLa, Kemenhub",HK.201/2/17/DJPL/2019,2,3/5/2019,3/5/2021,Tidak Berlaku,Dokumen,https://drive.google.com/file/d/1Au2lYA_1GNJiN-yr4cxWfg3YMVybnnqz/view?usp=drive_link
2019,K/L,BPPT,Perjanjian Kerja Sama,Dir KAPI,14/PT/KKP/PKS/VIII/2019,Dir.PusTek Rekayasa Industri Maritim,/PKS/BPPT-KKP/08/2019,-,8/27/2019,12/31/2019,Tidak Berlaku,Dokumen,https://drive.google.com/file/d/133iNajsjj71vsGNVP_AyqQpgacvZzoWF/view?usp=drive_link
2019,Pemda,Dinas KP Jabar,Perjanjian Kerja Sama,KaDin KP Jabar,065/lan.3/HK.320/IV/2019,Ka. PSDKP Jakarta,119/3572/PSDKP,1,2/4/2019,12/31/2019,Tidak Berlaku,Dokumen,https://drive.google.com/file/d/1_8xqFXTeHoDCJ8uI-rSklLtYhnKO_Jsq/view?usp=drive_link
2019,Swasta,Yayasan Pendidikan Pembinaan Manajemen,Perjanjian Kerja Sama,Dir. Jasa PengembanganEksekutif PPM Manajemen,,Plt. Sesditjen PSDKP,32133/PSDKP.0.2.1/KS.300/X/2019,,10/31/2019,12/12/2019,Tidak Berlaku,Dokumen,https://drive.google.com/file/d/122-oRSs0VTtXGvq6NllJbHWhrbwLQzpp/view?usp=drive_link
2019,BUMN,BRI,Perjanjian Kerja Sama,Direktur BLU LPMUKP,01/PKS-LPMUKP/X/2019,KaDiv. BRI,B.01-BKC/10/2019,,10/17/2019,,Tidak Berlaku,Dokumen,https://drive.google.com/file/d/1wP2Fw2yRAZpNZi-XaSfK9NkSwrAQTgyF/view?usp=drive_link
2019,K/L,POLRI,Perjanjian Kerja Sama,"Dir. PSDK, DitJen PSDKP",07/PKS-DJPSDKP/IX/2019,Ka. LEMDIKLAT POLRI,B/106/IX/2019,,9/3/2019,,Tidak Berlaku,Dokumen,https://drive.google.com/file/d/1m1i2QPQVF3sCLh4Bf5CqfPnmxepdaYfX/view?usp=drive_link
2019,K/L,Pusdik Intelkam Lemdiklat POLRI,Perjanjian Kerja Sama,Ka.Puskari,471/BKIPM.2/TU.210/IV/2019,Ka.Pusdik Intelkamlendiklat,B/197/IV/HUM.5.1/2019/DIKINTELKAM,-,4/9/2019,,Tidak Berlaku,Dokumen,https://drive.google.com/file/d/1Brgyuapz9DbUIg51othDucFjROgViuAv/view?usp=drive_link
2019,K/L,BNPT,,,,,,,,,Tidak Berlaku,,
2019,Ormas,HKBP,Kesepakatan Bersama,MKP,05.2/MEN-KP/KB/IX/2019,Ephorus HKBP,1379/L19/IX/2019,,9/15/2019,,Tidak Berlaku,Dokumen,https://drive.google.com/file/d/1bwc9nRCX80-_Y83PyJsM_MJ40vGma0Ej/view?usp=drive_link
2019,BUMN,BRI,Perjanjian Kerja Sama,Sekjen KKP,01/SJ/KKP/PKS/X/2019,Dir. Bisnis Mikro,B.1475-DIR/IMR/10/2019,,10/10/2019,,Tidak Berlaku,Dokumen,https://drive.google.com/file/d/1Th52zIDxFWpdeZG5oNSgDsETa4Z3LPxZ/view?usp=drive_link
2020,K/L,KPK,Perjanjian Kerja Sama,Irjen KKP,05/SJ-KKP/PKS/XII/2020,Deputi Pengawasan Internal,372 tahun 2020,5,12/21/2020,12/21/2025,Tidak Berlaku,Dokumen,https://drive.google.com/file/d/1oWYNZ0XKVaMabDZ1PUbpdKUGoaHxLLRS/view?usp=share_link
2020,Ormas,Yayasan Pusat Segitiga Karang (CTC),Kesepakatan Bersama,Sekjen KKP,04/SJ-KKP/KB/XII/2020,Ketua Yayasan CTC,262/MOU/KKP-CTC/XII/2020,5,12/21/2020,12/21/2025,Tidak Berlaku,Dokumen,https://drive.google.com/file/d/1T4f0PfPMyC59InouQ0557sHedFvEzSlI/view?usp=share_link
2020,K/L,Bappenas,Nota Kesepahaman,Sekjen KKP,03/SJ-KKP/KB/XII/2020,Sestama,NKB 18/SES/12/2020,5,12/16/2020,12/16/2025,Tidak Berlaku,Dokumen,https://drive.google.com/file/d/1y3BVHNZxkIPN3fqC7v83rcXFR1x6le4T/view?usp=share_link
2020,K/L,Kementerian Keuangan,Perjanjian Kerja Sama,Sekjen KKP,04/SJ-KKP/PKS/XII/2020,Dirjen Pajak,PRJ-20/PJ/2020,5,12/10/2020,12/10/2025,Tidak Berlaku,Dokumen,https://drive.google.com/file/d/16gzUexZxyjEcnMQtdW7qh-G7enq_AfyK/view?usp=share_link
2020,Universitas,Fakultas Kelautan dan Perikanan UNSYIAH,Perjanjian Kerja Sama,Dekan,B/239/UN11/HK.07.00/2020,Ka. Pangkalan PSDKP Lampulo,0909/LAN.1/HK.320/XI/2020,5,11/25/2020,11/25/2025,Tidak Berlaku,Dokumen,https://drive.google.com/file/d/1MqwQxqIhfy7OtpP6mKZfa33Uya6t1bwR/view?usp=drive_link
2020,BUMN,BNI,Perjanjian Kerja Sama,Kapusdatin,4351/SJ.7/HK.320/X/2020,Kadiv Hubungan Kelembagaan,HLB/061/PKS/2020,5,10/21/2020,10/21/2025,Tidak Berlaku,Dokumen,https://drive.google.com/file/d/1Gl6nbsrm4wy61j1xKloHun2XSF97UyfA/view?usp=share_link
2020,Swasta,PT Grab Teknologi Indonesia,Nota Kesepahaman,Dirjen PDSPKP,03/PDSPKP/KKP/KB/VIII/2020,Dirut PT Grab,013/GRAB-KKP/MOU-BD/VIII/2020,5,8/19/2020,8/19/2025,Tidak Berlaku,Dokumen,https://drive.google.com/file/d/1zczjeRxH7m288CnspwRp3s4dIsxp_j6n/view?usp=share_link
2020,K/L,"Kemenkomarves
Kemenhub
KLHK
KKP
Kemenparekraf
TNI
BIG",Perjanjian Kerja Sama,Sekjen KKP,01/SJ-KKP/PKS/II/2020,"Deputi Kedaulatan Maritim
Dirjen Hubla
Sekjen KLHK
Sekjen KKP
Sekjen Kemenparekraf
Kepala Deshidros
Sestama BIG",,5,2/12/2020,2/12/2025,Tidak Berlaku,Dokumen,https://drive.google.com/file/d/1Toj0gJx3-C2fqeoimjUDyX8KsN-EA4UH/view?usp=share_link
2020,BUMN,BNI,Perjanjian Kerja Sama,Sekjen KKP,03/SJ/KKP/PKS/II/2020,Dir. Hubungan Kelembagaan,DIR/116.1,5,2/12/2020,2/12/2025,Tidak Berlaku,Dokumen,https://drive.google.com/file/d/1-CKs57dL5FSK1hlj07Yex-LwM--6H4k-/view?usp=share_link
2020,K/L,Kemendes,Kesepakatan Bersama,MKP,04/MKP-KP/KB/X/2020,Menteri Desa PDT,28/M/HK.07.01/X/2020,4,10/26/2020,10/26/2024,Tidak Berlaku,Dokumen,https://drive.google.com/file/d/1aDlcZly8mn2w4hoAw6zN6FKlw7nzkbJN/view?usp=share_link
2020,K/L,"Kemenkomarves
Kemenhub
KLHK
KKP
Kemenparekraf
TNI
BIG",Perjanjian Kerja Sama,Sekjen KKP,02/SJ-KKP/PKS/II/2020,"Deputi Kedaulatan Maritim
Dirjen Hubla
Sekjen KLHK
Sekjen KKP
Sekjen Kemenparekraf
Kepala Deshidros
Sestama BIG",,4,2/12/2020,2/12/2024,Tidak Berlaku,Dokumen,https://drive.google.com/file/d/1733315g6K9dXhFxXhbvavVJQz0nVbhcb/view?usp=share_link
2020,BUMN,PT Pelni,Kesepakatan Bersama,Sekjen KKP,05/SJ-KKP/KB/XII/2020,Dirut Pelni,TH.12.28-01/MOU/2020,3,12/28/2020,12/28/2023,Tidak Berlaku,Dokumen,https://drive.google.com/file/d/1xlPc8evlboW1OjJ8EXuA1je98Z5Cam_g/view?usp=share_link
2020,K/L,Divisi Hubungan Internasional POLRI,Perjanjian Kerja Sama,Dirjen PSDKP,05/PKS-DJPSDKP//XII/2020,Kadiv Hubungan Internasional POLRI,PKS/82/XII/2020,3,12/15/2020,12/15/2023,Tidak Berlaku,Dokumen,https://drive.google.com/file/d/1urKeunVapMoF3uW3ONnGylIHc-52RZ34/view?usp=drive_link
2020,Universitas,Fakultas Biologi Unsoed,Perjanjian Kerja Sama,Dekan,T/499/UN.23.06/HK.06/2020,Ka. Stasiun PSDKP Cilacap,2121/STA.1/HK.320/XI/2020,3,11/13/2020,11/13/2023,Tidak Berlaku,Dokumen,https://drive.google.com/file/d/1DEuAdnNORt8SFRIi4cSDrVAnsv7mlpg2/view?usp=drive_link
2020,Swasta,PT Aruna Jaya Nuswantara,Perjanjian Kerja Sama,Dirjen PDSPKP,02/PDSPKP/KKP/PKS/VIII/2020,Dirut,014/AJN/PKS/VIII/2020,3,8/19/2020,8/19/2023,Tidak Berlaku,Dokumen,https://drive.google.com/file/d/1xLBSkscQz14Tlx9QtolWGjmsrUiYpHpW/view?usp=share_link
2020,Swasta,PT Tani Grup Indonesia,Nota Kesepahaman,Dirjen PDSPKP,01/PDSPKP/KKP/KB/VIII/2020,Presiden PT Tani Grup,007/LGL-TGI/MOU/VIII/2020,1,8/19/2020,8/19/2021,Tidak Berlaku,Dokumen,https://drive.google.com/file/d/1XZczQFfr0XDZSXaMm9OvDgUUXLQzX3cZ/view?usp=share_link
2020,K/L,"Kemenko Polhukam
Kemenkum HAM
Kemenkeu
Kemenhub
KLHK
KKP
TNI
POLRI
Bakamla
PT Pertamina
ANSI
HNSI
Kel. Nelayan Mandiri",Kesepakatan Bersama,Dirjen PT,02/MEN-KP/KB/II/2020,"Deputi Pertahanan
Dirjen Imigrasi
Dirjen Bea dan Cukai
Dirjen Hubla
Dirjen Pencemaran
Dirjen PT
Asop
Kapolairud
Deputi Operasi dan Latihan
Dirut Pertamina
Ketua ASNI
Ketua HNSI
Ketua Nelayan Mandiri",,1,2/21/2020,2/21/2021,Tidak Berlaku,Dokumen,https://drive.google.com/file/d/1J_pP4qsXN-WJFXJOm5RJqlGm5o-4Dbis/view?usp=share_link
2020,K/L,,,,,,,,,,,,
2021,K/L,BPS,Nota Kesepakatan,MKP,13/MEN-KP/KB/XII/2021,Kepala BPS,17/KS.M/15-XII/2021,5,12/15/2021,12/15/2026,Berlaku,Dokumen,https://drive.google.com/file/d/1TnHQyyv48mjkOuFRomAMxt2xj6Sy5DaG/view?usp=share_link
2021,K/L,BMKG,Kesepakatan Bersama,MKP,12/MEN-KP/KB/XI/2021,Kepala BMKG,Mou/016/KB/DN/XI/2021,5,11/11/2021,11/11/2026,Berlaku,Dokumen,https://drive.google.com/file/d/1NG8boaNpE3elruq3SIZzTtjcoNtRvpc2/view?usp=share_link
2021,K/L,"Deputi Bidang Perkoperasian 
Deputi Bidang Usaha Mikro 
Deputi Bidang Usaha Kecil dan menengah
Deputi Bidang Kewirausahaan
Kementerian Koperasi dan UMKM",Perjanjian Kerja Sama,Dirjen PDS PKP,02/PDSPKP/KKP/PKS/X/2021,"Deputi Bidang Perkoperasian 
Deputi Bidang Usaha Mikro 
Deputi Bidang Usaha Kecil dan menengah
Deputi Bidang Kewirausahaan
Kementerian Koperasi dan UMKM","08/PKS/DEP.1/X/2021
250/PKS/DEP.2/X/2021
55/PKS/DEP.3/X/2021
36/PKS/DEP.4/X/2021",5,10/21/2021,10/21/2026,Berlaku,Dokumen,https://drive.google.com/file/d/1Ch4sAsBbWKavFtJOXVClD42kG90fnRxN/view?usp=share_link
2021,K/L,Kemen Koperasi UKM,Kesepakatan Bersama,MKP,10/MEN-KP/KB/VIII/2021,Men Koperasi UKM,17/KB/M.KUKM/VIII/2021,5,8/21/2021,8/21/2026,Berlaku,Dokumen,https://drive.google.com/file/d/1bqZ02hK9_r2nOUvFw4nnDiQmD-IHk9-Z/view?usp=share_link
2021,K/L,Ditjen Protokoler dan Konsuler Kemenlu,Perjanjian Kerja Sama,Dirjen Protokoler dan Konsuler,PRJ/PK/00027/09/2021/64,Dirjen PSDKP,07/PKS-DJPSDKP/VIII/2021,5,8/19/2021,8/19/2026,Berlaku,Dokumen,https://drive.google.com/file/d/1FnfqeaZOZy9TMycodhe6fr1I5POKmyDr/view?usp=drive_link
2021,Universitas,IPB,Kesepakatan Bersama,MKP,06/MEN-KP/KB/VI/2021,Rektor IPB,75/IT3/HK.07.00-1/P/B/2021,5,6/16/2021,6/16/2026,Berlaku,Dokumen,https://drive.google.com/file/d/1M-EZHhZR3uX8lq6MEUwOUqSZug291fTq/view?usp=share_link
2021,Universitas,UGM,Kesepakatan Bersama,MKP,05/MEN-KP/KB/VI/2021,Rektor UGM,1390/UN1.P/DIT-KAUI/HK/2021,5,6/11/2021,6/11/2026,Berlaku,Dokumen,https://drive.google.com/file/d/1X_plA_mqifg5BJbUcxVMA37Omo0rireJ/view?usp=share_link
2021,Pemda,DKI,Nota Kesepakatan,MKP,04/MEN-KP/KB/V/2021,Gubernur,9 Tahun 2021,5,5/27/2021,5/27/2026,Berlaku,Dokumen,https://drive.google.com/file/d/1DenRtkDFhIivLi1h4cqjO5v_NECe0MOe/view?usp=share_link
2021,Pemda,Provinsi Jawa Barat,Perjanjian Kerja Sama,Kadis Kelautan dan Perikanan Jawa Barat,1655/HK.02.01/DKP,Sekretaris DJPSDKP,02/PKS-DJPSDKP/III/2021,5,3/18/2021,3/18/2026,Tidak Berlaku,Dokumen,https://drive.google.com/file/d/1jm95_5j3nXBJRgR2DIxLEMldomV3bNmN/view?usp=drive_link
2021,Ormas,YKAN,Kesepakatan Bersama,Sekjen KKP,01/SJ-KKP/KB/III/2021,Ketua Yayasan,096/LTR/YKAN/JKT/ED/III/2021,5,3/10/2021,3/10/2026,Tidak Berlaku,Dokumen,https://drive.google.com/file/d/1CBLuK75sRvWwbNDwLs37YVe3wNH_ffEk/view?usp=share_link
2021,K/L,KPPPA,Kesepakatan Bersama,MKP,01/MEN-KP/KB/I/2021,Menteri PPPA,02/Men/KL.01/01/2021,5,1/29/2021,1/29/2026,Tidak Berlaku,Dokumen,https://drive.google.com/file/d/1jN7GxsNT6Txg6yoakjQSEYvb-LbcasZE/view?usp=share_link
2021,K/L,"Kemenkomarves
KLHK
KKP
PT PELINDO I,II,III,IV
GAPKI
APHI
APROBI",Kesepakatan Bersama,Sekjen KKP,03/SJ-KKP/KB/VIII/2021,"Deputi Pengelolaan Lingkungan
Sekjen KLHK
Sekjen KKP
Dirut PT PELINDO I,II,III,IV
GAPKI
APHI
APROBI","8/NKB/MARVES/2021
PKS.2/SETJEN/ROCAN/SET.1/8/2021
03/SJ-KKP/KB/VIII/2021
UM.57/37/20/PI-21.TU
018/SPK/GAPKI/VIII/2021
MOU APHI 365/DP-APHI/Vlll/2021
050/VIII-APROBI/2021",4,8/10/2021,8/10/2025,Tidak Berlaku,Dokumen,https://drive.google.com/file/d/1P6_GJp4sSqydosLtceBqTJWPnoKK1DDg/view?usp=share_link
2021,K/L,Kementerian Pertanian,Kesepakatan Bersama,MKP,09/MEN-KP/KB/VII/2021,Menteri Pertanian,06/MoU/HK.220/M/07/2021,4,7/28/2021,7/28/2025,Tidak Berlaku,Dokumen,https://drive.google.com/file/d/1voWuYnKwzOtsWlaJOF3f5KCYgporerCH/view?usp=share_link
2021,K/L,BPJS Ketenagakerjaan,Perjanjian Kerja Sama,Kapusdatin,03/SJ/KKP/PKS/XII/2021,Direktur Kepesertaan,PErR/314/122021,3,12/20/2021,12/20/2024,Tidak Berlaku,Dokumen,https://drive.google.com/file/d/14tfZ5M78iXGQL4xweEYpEThU3H6WRn4V/view?usp=share_link
2021,K/L,BPJS Ketenagakerjaan,Perjanjian Kerja Sama,Dirjen PT,05/PT/KKP/PKS/XII/2021,Direktur Kepesertaan,PER/305/122021,3,12/10/2021,12/10/2024,Tidak Berlaku,Dokumen,https://drive.google.com/file/d/1GhDoIuuzItwsVIV877w6Mn61Kk_XBYY3/view?usp=share_link
2021,K/L,Dirjen PKTN Kemdag,Perjanjian Kerja Sama,Dirjen PSDKP,09/PKS-DJPSDKP/X/2021,Dirjen PKTN Kemdag,01/PKTN/PERJ/10/2021,3,10/18/2021,10/18/2024,Tidak Berlaku,Dokumen,https://drive.google.com/file/d/1467Ff0DYmjMkySUQZPfjWdwXQZLcSV6o/view?usp=share_link
2021,K/L,Ditjen Perlindungan Konsumen dan Tertib Niaga Kemendag,Perjanjian Kerja Sama,Dirjen PSDKP,09/PKS-DJPSDKP/X/2021,Dirjen Perlindungan Konsumen dan Tertib Niaga,01/PKTN/PERJ/10/2021,3,10/18/2021,10/18/2024,Tidak Berlaku,Dokumen,https://drive.google.com/file/d/1AsTlJZEgQRujh6m3Dhmycb415f79qFUJ/view?usp=drive_link
2021,Ormas,Yayasan WWF Indonesia,Kesepakatan Bersama,Sekjen KKP,05/SJ-KKP/KB/X/2021,Ketua,542/WWF-ID/LGL-AMD1-01819/XFY21/2021,3,10/26/2021,10/18/2024,Tidak Berlaku,Dokumen,https://drive.google.com/file/d/1iV9qseZj-s0MWss2Ku9NehzRhyf-Qk3b/view?usp=share_link
2021,Ormas Asing,RARE,Memorandum Saling Pengertian,Sekjen KKP,,VP RARE,,3,10/8/2021,10/8/2024,Tidak Berlaku,Dokumen,https://drive.google.com/file/d/1hz8yzCzb7SeXBhexWfm1CjxRiJ2MnACE/view?usp=share_link
2021,K/L,"Deputi Pemberantasan BNN                                                                                                                                                                                                                                                                                                                                                    ""D 
Ditjen Bea Cukai, Kemenkeu 
Ditjen Perhubungan Laut, Kemenhub
POLRI",Perjanjian Kerja Sama,"Deputi Pemberantasan, BNN",PKS/51/IX//2021/BNN,Dirjen PSDKP,08/PKS_DJPSDKP/IX/2021,3,9/14/2021,9/14/2024,Tidak Berlaku,Dokumen,https://drive.google.com/file/d/1vAUKT2H5LBQWYrMkr2L6Gm1ST0rP0Vfm/view?usp=drive_link
2021,K/L,Perpusnas,Nota Kesepahaman,MKP,11/MEN-KP/KB/XI/2021,Kepala Perpusnas,484/PKS/XI.2021,3,9/92021,9/9/2024,Tidak Berlaku,Dokumen,https://drive.google.com/file/d/1eMIZ6e716tTT_pzmeu3LXk3wXije1JE2/view?usp=share_link
2021,K/L,Kejaksaan RI,Perjanjian Kerja Sama,Irjen KKP,12.13/ITJ/VIII/2021,Jaksa Agung Muda Intelijen,B-1008/D/Dpp/08/2021,3,8/13/2021,8/13/2024,Tidak Berlaku,Dokumen,https://drive.google.com/file/d/1U4XAldEfNR_ucjSSMIrJ0hamoh4zaF-d/view?usp=share_link
2021,K/L,Kejaksaan RI,Nota Kesepahaman,MKP,07/MEN-KP/KB/VI/2021,Jaksa Agung,9 Tahun 2021,3,6/21/2021,6/21/2024,Tidak Berlaku,Dokumen,https://drive.google.com/file/d/1q1-S9MN-3F9u_oOL4FAWRLx4RFBJ2Z-_/view?usp=share_link
2021,BUMN,PLN,Kesepakatan Bersama,Sekjen KKP,02/SJ-KKP/KB/IV/2021,Dirut PLN,0026.MoU/HKM.02.02/C01000000/2021,3,4/13/2021,4/13/2024,Tidak Berlaku,Dokumen,https://drive.google.com/file/d/1toTwSEQLYHdnQoRFqlJc_h2PIx2Ev173/view?usp=share_link
2021,Universitas,LPPM Unsoed,Perjanjian Kerja Sama,Ketua LPPM,T/1294/UN.23.18/HK.06.00/2021,Sekretaris DJPSDKP,03/PKS-DJPSDKP/III/2021,3,3/26/2021,3/26/2024,Tidak Berlaku,Dokumen,https://drive.google.com/file/d/1jkL6sr4HuPnQH4uwmXlXB2VJPMOhzdhR/view?usp=drive_link
2021,BUMN,PT POS Indonesia,Perjanjian Kerja Sama,Kepala SKIPM Bandung,650/47.0/KS.300/V/2021,Kepala Kantor Regional 5 POS,1495/ Regional5/Penjualan Korporat/0521,2,5/5/2021,5/5/2023,Tidak Berlaku,Dokumen,https://drive.google.com/file/d/19CE3R7ihv9oiiGGRWbqOF2i7fk9wS1KW/view?usp=share_link
2021,K/L,"Kemhan
Kemenkopolhukam
Kemendagri
Kemen PAN RB
Kemendikbud 
Kemenag
Kemenpora
Kemenhub
Kominfo
KKP
Polri
Lembaga Ketahanan Indones
BNPT
BNN",Kesepakatan Bersama,MKP,03/MEN-KP/KB/V/2021,"Menhan
Menkopolhukam
Mendagri
Men PAN RB
Mendikbud 
Menag
Menpora
Menhub
Menkominfo
MKP
Kapolri
Lembaga Ketahanan Indonesia
Kepala BNPT
Kepala BNN",,5,5/7/2021,5/7/2021,Tidak Berlaku,Dokumen,https://drive.google.com/file/d/142uQ-5sIdz0EHSFgySAnSEiyhw9wXD2L/view?usp=share_link
2021,K/L,BPJS Ketenagakerjaan,Kesepakatan Bersama,Sekjen KKP,06/SJ-KKP/KB/XII/2021,Direktur Utama,MOU/20/122021,5,12/72020,12/7/2020,Tidak Berlaku,Dokumen,https://drive.google.com/file/d/1UsqEMlxCIdNVMmh2xgJSc1DEhBh4dIAk/view?usp=share_link
2021,K/L,Kemenhub,Nota Kesepahaman,MKP,08/MEN-KP/KB/VI/2021,Menhub,PJ 98 Tahun 2021,,6/28/2021,,Tidak Berlaku,Dokumen,https://drive.google.com/file/d/1HfOods9-9Yn8hwN9uVJD3gL-2YXwAN1Z/view?usp=share_link
2021,K/L,KLHK,Kesepakatan Bersama,MKP,02/MEN-KP/KB/III/2021,Menteri LHK,PKS.1/MENLHK/SETJEN/KSA.2/3/2021,,3/29/2021,,Tidak Berlaku,Dokumen,https://drive.google.com/file/d/1mbkAXKj5gKofYz0AJhD3TRj1VQKh7urt/view?usp=share_link
2022,BUMN,PT Pos Indonesia,Nota Kesepahaman,Sekjen KKP,05/SJ/KKP/KB/XI/2022,Dirut PT Pos Indonesia,MOU.297/DIRUT/2022,5,11/30/2022,11/30/2027,Berlaku,Dokumen,https://drive.google.com/file/d/1n5Q9-oE9vINSvIcFzO5sN72myfD1_HOG/view?usp=share_link
2022,Universitas,Universitas Hang Tuah,Kesepakatan Bersama,Sekjen KKP,04/SJ/KKP/KB/XI/2022,Rektor Universitas Hang Tuah,B/83/UHT.AO/XI/2022,5,11/21/2022,11/21/2027,Berlaku,Dokumen,https://drive.google.com/file/d/1-1XfebTQ6e55pp-P9QUu998OqVOdL9VC/view?usp=share_link
2022,BUMN,PT Kereta Api Logistik,Perjanjian Kerja Sama,Sekjen KKP,03/SJ/KKP/X/2022,Dirut PT Kereta Api Logistik,0252/KALOG/PJ/10/2022,5,10/12/2022,10/12/2027,Berlaku,Dokumen,https://drive.google.com/file/d/1NsRb5xNREZE35SQ4Yp6SZUgWDpBQpWCP/view?usp=share_link
2022,Ormas,Yayasan Strategi Konservasi Indonesia,Kesepakatan Bersama,Sekjen KKP,02/SJ/KKP/KB/X/2022,Direktur Yayasan Strategi Konservasi Indonesia,YSKI-001-0CT22,5,10/11/2022,10/11/2027,Berlaku,Dokumen,https://drive.google.com/file/d/1zmw_OqrHty6Ma6VqLfAsXEkuGVWzrQyV/view?usp=share_link
2022,K/L,Kementerian Ketenagakerjaan,Kesepakatan Bersama,MKP,08/MEN-KP/KB/IX/2022,Menteri Tenaga Kerja,M/4/KS.06/IX/2022,5,9/30/2022,9/30/2027,Berlaku,Dokumen,https://drive.google.com/file/d/1W6J0RI_ThFrPuD7F4hvvyrYOQkz-Q9wF/view?usp=share_link
2022,K/L,Kemendikbudristek,Nota Kesepahaman,MKP,07/MEN-KP/KB/VIII/2022,Menteri DIkbudristek,07.1/VII/NK/2022,5,8/5/2022,8/5/2027,Berlaku,Dokumen,https://drive.google.com/file/d/1W6J0RI_ThFrPuD7F4hvvyrYOQkz-Q9wF/view?usp=share_link
2022,Ormas,Kamar Dagang dan Industri Indonesia (KADIN),Nota Kesepahaman,MKP,06/MEN-KP/KB/IV/2022,Ketua Umum KADIN,MOU/036/DP/IV/2022,5,4/6/2022,4/6/2027,Berlaku,Dokumen,https://drive.google.com/file/d/1CN_28o13ODek0z-0Tx3idt3SKcBfgwvl/view?usp=share_link
2022,Ormas,Ikatan Wanita Pengusaha Indonesia (IWAPI),Kesepakatan Bersama,Sekjen KKP,01/SJ-KKP/KB/II/2022,Ketua Umum IWAPI,009/IWAPI KKP/11/2022,5,2/25/2022,2/25/2027,Berlaku,Dokumen,https://drive.google.com/file/d/1nBeAxCfT71IKS8oL1N9IBaTnATCUQAqF/view?usp=share_link
2022,K/L,BASARNAS,Nota Kesepahaman,MKP,04/MEN-KP/II/2022,Kepala BASARNAS,MOU-56/KS.01.01/II/BSN-2022,5,2/23/2022,2/23/2027,Berlaku,Dokumen,https://drive.google.com/file/d/1sC_ELlGgjyUswc-xf4DkJ-dZ-aj5Rc2P/view?usp=share_link
2022,K/L,Deputi Bidang Perkoperasian,Perjanjian Kerja Sama,Dirjen PB,03/DJPB.KKP/PKS/11/2022,Deputi Bidang Perkoperasian ,03/PKS/D.1/11/2022,5,2/7/2022,2/7/2027,Berlaku,Dokumen,https://drive.google.com/file/d/1CY3Io9Lt8x7HE4GieAOcsb83_xXkzFui/view?usp=share_link
2022,Ormas,Pengurus Besar Nahdlatul Ulama,Kesepakatan Bersama,MKP,03/MEN-KP/KB/1/2022,Ketua Umum PBNU,72/A.11.03/01/2022,5,1/31/2022,1/31/2027,Berlaku,Dokumen,https://drive.google.com/file/d/1Sqo_OaF2Q5_oPbY5X4IXZ1SZvaSDurlx/view?usp=share_link
2022,BUMN,PT Bank Negara Indonesia (Persero) TBK,Kesepakatan Bersama,MKP,02/MEN-KP/KB/I/2022,Dirut PT BNI Persero,DIR/049,5,1/20/2022,1/20/2027,Berlaku,Dokumen,https://drive.google.com/file/d/1hbx2Eml7zZkyXmYABLa1IqctimJ0ITLC/view?usp=share_link
2022,Ormas,Yayasan Masyarakat dan Perikanan Indonesia (MDPI),Kesepakatan Bersama,Sekjen KKP,01/MEN-KP/KB/1/2022,Ketua Yayasan MDPI,015/MDPI-KB/I/2022,5,1/13/2022,1/13/2027,Berlaku,Dokumen,https://drive.google.com/file/d/1wXet7dWV_Qwf1DQ-g6Yb3wshS98Y5KF4/view?usp=share_link
2022,Universitas,Fakultas Pertanian UGM,Perjanjian Kerja Sama,Plt. Kepala PP Kejawanan DJPT,47/PPNK/HK.320/1/2022,Dekan Faperta UGM,13/UN1/FPN/HK/1/2022,5,1/7/2022,1/7/2027,Berlaku,Dokumen,https://drive.google.com/file/d/1kyot_I3unGK7wUoCe380QF0y27l3a3nP/view?usp=share_link
2022,K/L,Kemenkominfo,Nota Kesepahaman,MKP,09/MEN-KP/KB/XI/2022,Menkominfo,09/MEN-KP/KB/XI/2022,3,11/22/2022,11/22/2025,Berlaku,Dokumen, https://drive.google.com/file/d/151Uu4i3wn_QyJiqr68gG8Asr-EVYf_AZ/view?usp=share_link
2022,Ormas Asing,Marine Steward Council,Memorandum Saling Pengertian,Sekjen KKP,,Regional Director Asia Pacific,,3,10/17/2022,10/17/2025,Berlaku,Dokumen,https://drive.google.com/file/d/1XOGsM4XdemffQT_Ak_uOC9Xld4jAxLUn/view?usp=share_link
2022,Universitas,Fakultas Hukum Universitas Diponegoro,Perjanjian Kerja Sama,Sekjen KKP,04/SJ/KKP/PKS/X/2022,Dekan FH Undip,08/UN7.F1/KS/X/2022,3,10/14/2022,10/14/2025,Berlaku,Dokumen,https://drive.google.com/file/d/1HHPKDy2jfVJUK7Q9RwRXoswA0MXvdoVf/view?usp=share_link
2022,Pemda,Pemprov KalBar,Nota Kesepakatan,Gubernur,97/NK-PEM/2022,Dirjen PSDKP,01/PSDKP/KKP/KB/VII/2022,3,7/29/2022,7/29/2025,Berlaku,Dokumen,https://drive.google.com/file/d/1qqAgquiuFjpcjewmXY-NcWwUCWMTtevF/view?usp=drive_link
2022,Universitas,LPPM Universitas Bengkulu,Perjanjian Kerja Sama,Ka. Loka PSPL Serang - Ditjen PRL,976/LPSPL.2/PRL/KKP/PKS/IV/2022,Kepala PLPPM Univ. Bengkulu,921/UN30.15/KS/2022,3,4/6/2022,4/6/2025,Berlaku,Dokumen,https://drive.google.com/file/d/1Sgii8PsBdTNsPxFV7CHfwspLGuzPkTQZ/view?usp=share_link
2022,BUMN,PT Bank Negara Indonesia (Persero) TBK,Perjanjian Kerja Sama,Sekjen KKP,05/SJ/KKP/PKS/XI/2022,Direktur Institutional Banking PT BNI,DIR/1044,3,11/21/2022,,Berlaku,Dokumen,https://drive.google.com/file/d/1RKpEINqbiGHGJBZMrYBxiwuGNOnMcl94/view?usp=share_link
2023,Ormas,Yayasan Pesisir Lestari,Kesepakatan Bersama,Dirjen PKRL,02/SJ/KKP/KB/XI/2023,Ketua Yayasan Pesisir Lestari,017/KB/YPL/XI/2013,5,11/27/2023,11/27/2028,Berlaku,Dokumen,https://drive.google.com/file/d/1CRLF67IYm7WphabUlbIgzxdBgmQcjXQg/view?usp=drive_link
2023,K/L,BPOM,Nota Kesepahaman,MKP,06/MEN-KP/KB/VII/2023,Kepala BPOM,KS.01.01.1.2.07.03.23,5,7/3/2023,7/3/2028,Berlaku,Dokumen,https://drive.google.com/file/d/163Jb5FQS9xvRtlhjFsrwkEY2-hPonfoC/view?usp=drive_link
2023,K/L,Badan Inteljen Nasional,Nota Kesepahaman,MKP,05/MEN-KP/KB/IV/2023,Kepala BIN,MoU-03/IV/2023,5,4/3/2023,4/3/2028,Berlaku,Dokumen,https://drive.google.com/file/d/1zTDqHphJ82GGfjmrUba4Hp_HBbkgHzT_/view?usp=share_link
2023,K/L,"Kemenko Marves
Kemen ESDM
KKP
Kemenhub
Kemen PPN/BAPPENAS
TNI
BMG
BIG
BRIN",Nota Kesepahaman,MKP,04/MEN-KP/KB/IV/2023,"Menko Marves
Men ESDM
Men KKP
Menhub
Men Bappenas
Panglima TNI
Kepala BMKG
Kepala BIG
Kepala BRIN","2/NKB/MARVES/2023
1.Pj/KS.01/MEM.S/2023
04/MEN-KP/KB/III/2023
PJ 129 Tahun 2023
NK 01/M.PPN/03/2023
NK/2/11/2023/TNI
MoU/002/KB/DN/11/2023
1/KA-BIG/HK.01.03/3/2023
26/1/KS/03/2023",5,3/13/2023,3/13/2028,Berlaku,Dokumen,https://drive.google.com/file/d/1syW5m5TklTkbi6-7fM2siqpewS_TjB6D/view?usp=share_link
2023,BUMN,PT Bank Rakyat Indonesia,Kesepakatan Bersama,MKP,03/MEN-KP/K/III/2023,Dirut PT BRI,B.0446-DIR/INS/03/2023,5,3/6/2023,3/6/2028,Berlaku,Dokumen,https://drive.google.com/file/d/12qsTzZK2todQb6vHcx55U-XlMauSW0Zx/view?usp=share_link
2023,Ormas,IKA UNDIP,Kesepakatan Bersama,MKP,02/MEN-KP/KB/II/2023,Ketua Umum IKA UNDIP,05/MOU-DPP IKA UNDIP/II/2023,5,2/25/2023,2/25/2028,Berlaku,Dokumen,https://drive.google.com/file/d/1dpyB4_FFmF23RARKrz4sY58LLNNJpwnH/view?usp=share_linkDokumen
2023,Pemda,"Dinas Ketahanan Pangan, Kelautan dan Pertanian, PemProv DKI",Perjanjian Kerja Sama,"Kadis Ketahanan Pangan, Kelautan dan Pertanian, Pemprov DKI",986/LI.15.00,Sesditjen PSDKP,01/DJPSDKP/KKP/PKS/II/2023,5,2/17/2023,2/17/2028,Berlaku,Dokumen,https://drive.google.com/file/d/1r_3iV9VxoTulPyme-nNnOQojeZ1wpRol/view?usp=drive_link
2023,Pemda,Pemkab Wakatobi,Perjanjian Kerja Sama,Dirjen PB,04/DJPB/KKP/PKS/VIII/2023,Bupati Wakatobi,420/PKS/11/PEMKAB/VIII/2023,3,8/10/2023,8/10/2026,Berlaku,Dokumen,https://drive.google.com/file/d/1zWQX7FeDHre4PJGW3kPALIW9kZvoo0PX/view?usp=drive_link
2023,K/L,Deputi Bidang Perkoperasian KemenkopUKM,Perjanjian Kerja Sama,Plt. Dirjen PT,20/PT/KKP/PKS/VIII/2023,Deputi Bidang Perkoperasian,3/PKS/D.1/VIII/2023,3,8/7/2023,8/7/2026,Berlaku,Dokumen,https://drive.google.com/file/d/1ChJPMaPykM7UWxyZXo226LTAZnJgSO9E/view?usp=drive_link
2023,Pemda,Pemda Wakatobi,Nota Kesepakatan,Dirjen PDS,02/PDSPKP/KKP/PKS/VII/2023,Bupati Wakatobi,420/NK/08/PEMKAB/VII/2023,3,7/18/2023,7/18/2026,Berlaku,Dokumen,https://drive.google.com/file/d/1sCoyLS85G3gk7qiOUMBlpBnUkH4ZrEos/view?usp=drive_link
2023,Pemda,Pemkab Bangka,Nota Kesepakatan,Bupati Bangka,100.3.7/564/DIPERKAN/2023,Ka BKIPM,B.601/BKIPM/KS.310/VII/2023,3,7/6/2023,7/6/2026,Berlaku,Dokumen,https://drive.google.com/file/d/1OtrdlYu5vW_roCvzIgOU6dV5bMO6iI16/view?usp=drive_link
2023,Pemda,Pemkab Bangka Selatan,Nota Kesepakatan,Bupati Bangka Selatan,523/01/DPPP/2023,Ka BKIPM,B.603/BKIPM/KS.310/VII/2023,3,7/6/2023,7/6/2026,Berlaku,Dokumen,https://drive.google.com/file/d/1OuGfwHLl1PM1WBJhcWCEPKAKcGSUzXyM/view?usp=drive_link
2023,Pemda,Pemkab Bangka Tengah,Nota Kesepakatan,Bupati Bangka Tengah,415.4/26/SETDA.PEM/2023,Ka BKIPM,B.602/BKIPM/KS.310/VII/2023,3,7/6/2023,7/6/2026,Berlaku,Dokumen,https://drive.google.com/file/d/1-ywRsZJmOcRi9q03VfzPy1ntVea4Cyd-/view?usp=drive_link
2023,Pemda,Pemkab Belitung Timur,Nota Kesepakatan,Bupati Belitung Timur,007/NK/I/BT/2023,Ka BKIPM,B.606/BKIPM/KS.310/VII/2023,3,7/6/2023,7/6/2026,Berlaku,Dokumen,https://drive.google.com/file/d/1eIMRTrhlOdQAUp_UTj5pUAT_mw1tYJO-/view?usp=drive_link
2023,Pemda,Pemkab Belitung,Nota Kesepakatan,Ka BKIPM,B.605/BKIPM/KS.310/VII/2023,Bupati Belitung,181/003/NK/I/2023,3,7/6/2023,7/6/2026,Berlaku,Dokumen,https://drive.google.com/file/d/15pmUia1zHU6A8sSYxtyzWfAm_9O8XI1b/view?usp=drive_link
2023,Pemda,Pemkab Bangka Barat,Nota Kesepakatan,Ka BKIPM,B.604/BKIPM/KS.310/VII/2023,Bupati Bangka Barat,415.4/06/SETDA/II/2023,3,7/6/2023,7/6/2026,Berlaku,Dokumen,https://drive.google.com/file/d/1qPKK6GNYkG-PU0hd0HsOwBtwW_9SSLen/view?usp=drive_link
2023,Pemda,Dinas Perikanan Kabupaten Belitung Timur,Perjanjian Kerja Sama,Ka SKIPM Pangkalpinang,B.529/PKS-SKIPM.PKP/KS.320/VII/2023,Ka Dinas Perikanan Kabupaten Belitung Timur,KS.300/001/DP-III/2023,3,7/6/2023,7/6/2026,Berlaku,Dokumen,https://drive.google.com/file/d/15FI3Zrn15_Q4p3NKTOM_Dvchj9nrLc-m/view?usp=drive_link
2023,Pemda,Dinas Kelautan dan Perikanan Kota Pangkalpinang,Perjanjian Kerja Sama,Ka SKIPM Pangkalpinang,B.524/PKS-SKIPM.PKP/KS.320/VII/2023,Ka Dinas Kelautan dan Perikanan Kota Pangkalpinang,188.3/042/KEP/DKP/VII/2023,3,7/6/2023,7/6/2026,Berlaku,Dokumen,https://drive.google.com/file/d/1SkiM5kjc7kXO49YJIa205AVsH8TW9QAN/view?usp=drive_link
2023,Pemda,Dinas Perikanan Kabupaten Belitung,Perjanjian Kerja Sama,Ka SKIPM Pangkalpinang,B.526/RK-SKIPM.PKP/KS.320/VII/2023,Ka Dinas Perikanan Kabupaten Belitung ,523/699/Perik-RK/2023,3,7/6/2023,7/6/2026,Berlaku,Dokumen,https://drive.google.com/file/d/1UjQB6Yevf7N_CatXLHe1k4OERtzL-11K/view?usp=drive_link
2023,Pemda,Dinas Perikanan Kabupaten Bangka Tengah,Perjanjian Kerja Sama,Ka SKIPM Pangkalpinang,B.528/PKS-SKIPM.PKP/KS.320/VII/2023,Ka Dinas Perikanan Kabupaten Bangka Tengah,415.4/354/DIPERKAN/2023,3,7/6/2023,7/6/2026,Berlaku,Dokumen,https://drive.google.com/file/d/1sL0vZSifJ_wlM0NkNOi-m0_KlkgcLcQG/view?usp=drive_link
2023,Pemda,"Dinas Pertanian, Pangan, Perikanan Kab Bangka Selatan",Perjanjian Kerja Sama,Ka SKIPM Pangkalpinang,B.525/PKS-SKIPM.PKP/KS.320/VII/2023,"Plt. Ka Dinas Pertanian, Pangan, Perikanan Kab Bangka Selatan",523/02/DPPP/2023,3,7/6/2023,7/6/2026,Berlaku,Dokumen,https://drive.google.com/file/d/1c7u4zStAKyTrhBId9cCKSR3vaKk0xI7S/view?usp=drive_link
2023,Pemda,Dinas Perikanan Kabupaten Bangka Barat,Perjanjian Kerja Sama,Ka SKIPM Pangkalpinang,B.527/PKS-SKIPM.PKP/KS.320/VII/2023,Ka Dinas Perikanan Kabupaten Bangka Barat,000.4.7.2/121/DKP/2023,3,7/6/2023,7/6/2026,Berlaku,Dokumen,https://drive.google.com/file/d/1Xuw4joblkywptVbpDpzQTA2Jc8MEr82k/view?usp=drive_link
2023,Pemda,Dinas Perikanan Kabupaten Bangka,Perjanjian Kerja Sama,Ka SKIPM Pangkalpinang,Dokumen,Ka Dinas Perikanan Kabupaten Bangka,523/292/DINPERKAN/2023,3,7/6/2023,7/6/2026,Berlaku,Dokumen,https://drive.google.com/file/d/163yn6G8UwWwIUGXOAoHiCADik06AtiL7/view?usp=drive_link
2023,Pemda,Pemkot Pangkalpinang,Nota Kesepakatan,Walikota Pangkalpinang,10/NK/DKP/VII/2023,Ka BKIPM,B.600/BKIPM/KS.310/VII/2023,3,7/6/2023,7/6/2026,Berlaku,Dokumen,https://drive.google.com/file/d/1bVMKmRfqEjWmNKImss6eLTv8Un7mIYqB/view?usp=drive_link
2023,BUMN,Pertamina Patra Niaga,Perjanjian Kerja Sama,Dirjen PT,01/PT/KKP/PKS/II/2023,Dirut Pertamina Patra Niaga,KTR-009/PNA000000/2023-SO,3,2/2/2023,2/2/2026,Berlaku,Dokumen,https://drive.google.com/file/d/1oBThu56YJ86LEB3XoJjsLHEr6lbFaq8R/view?usp=share_link
2023,K/L,Kemen BUMN,Kesepakatan Bersama,MKP,01/MEN-KP/KB/11/2023,Menteri BUMN,MOU-01/MBU/02/2023,3,2/2/2023,2/2/2026,Berlaku,Dokumen,https://drive.google.com/file/d/1A-FGOQAqzx4P6Hd-QC4-9uUm7INd6Qx3/view?usp=share_link
2023,Ormas,Yayasan Rekam Jejak Alam Nusantara,Perjanjian Kerja Sama,Sekretaris DJPSDKP,02/DJPSDKP/KKP/PKS/III/2023,Ketua Yayasan,47/SPK/YRJAN/III/2023,2,3/1/2023,11/30/2025,Berlaku,Dokumen,https://drive.google.com/file/d/1IlUo539cwr2Dha4Mpao4yqwZ15QZfQG9/view?usp=drive_link
2023,Ormas,GISLI (Gerakan Ingat Selamat Layar Indonesia),Perjanjian Kerja Sama,Dirjen PDS,01/PDSPKP/KKP/PKS/VII/2023,Ketua GISLI,K/014/S01-GSL/EXT-PDSPKP/VII/2023,2,7/6/2023,7/6/2025,Berlaku,Dokumen,https://drive.google.com/file/d/1fu6OiQS2dwLRj6NZVQckq4R_ng5LtqTn/view?usp=drive_link
2023,Ormas,GISLI (Gerakan Ingat Selamat Layar Indonesia),Perjanjian Kerja Sama,Dirjen PDS,01/PDSPKP/KKP/PKS/VII/2023,Ketua GISLI,K/014/S01-GSL/EXT-PDSPKP/VII/2023,2,7/6/2023,7/6/2025,Berlaku,Dokumen,https://drive.google.com/file/d/1fu6OiQS2dwLRj6NZVQckq4R_ng5LtqTn/view?usp=drive_link
2023,Ormas,Perkumpulan Saya Perempuan Anti Korupsi (SPAK),Perjanjian Kerja Sama,Kapuslatluh,26/BRSDMKP/KKP/PKS/VI/2023,Direktur,183/PKS-SPAK/VI/2023,2,6/16/2023,6/16/2025,Berlaku,Dokumen,
2023,Ormas,Perkumpulan Saya Perempuan Anti Korupsi,Perjanjian Kerja Sama,KaPusLatLuhKP,26/BRSDMKP/KKP/PKS/VI/2023,Direktur,183/PKS-SPAK/VI/2023,2,6/16/2023,6/16/2025,Berlaku,Dokumen,https://drive.google.com/file/d/1XLw5A4RY75s2PMtbVlSjQnBwn2LIGuNN/view?usp=drive_link
2023,K/L,Kemenko PMK,Perjanjian Kerja Sama,Asdep Jamsos,002/PKS/DEP.1/KEMENKO/PMK/02/2023,Plt. Kapusdatin,B.693/SJ.7/KS.320/II/2023,2,2/16/2023,2/16/2025,Berlaku,Dokumen,https://drive.google.com/file/d/1LgXZbKhTzmZCgax4leAqTDtlunBHE7iH/view?usp=share_link
2024,K/L,Badan Pengatur Hilir Minyak dan Gas Bumi,Perjanjian Kerja Sama,Sekjen KKP,04/SJ/KKP/PKS/XII/2024,Kepala Badan Pengatur Hilir Minyak dan Gas Bumi,20.Pj/KS.01/BPH/2024,5,12/12/2024,12/12/2029,Berlaku,Dokumen,https://drive.google.com/file/d/1lJ06qRLtc_N2Gh9IQ_sEg8kbUwZNut-Y/view?usp=drive_link
2024,K/L,Kementerian Desa dan Pembangunan Daerah Tertinggal,Kesepakatan Bersama,MDPDT,09/M/HKM.07.01/XI/2024,MKP,18/MEN-KP/KB/XI/2024,5,11/25/2024,11/25/2029,Berlaku,Dokumen,https://drive.google.com/file/d/1eN0Fo--zwj_UlCvMf5FW_ouqSU-ZqH98/view?usp=sharing
2024,Ormas,Yayasan WWF Indonesia,Kesepakatan Bersama,Sekjen KKP,02/SJ/KKP/KB/X/2024,Ketua Badan Pengurus Yayasan WWF Indonesia,158/WWF-ID/LGL-MOU/X/FY25/2024,5,10/18/2024,10/18/2029,Berlaku,Dokumen,https://drive.google.com/file/d/1ZoWccBGTDCLJGRGbSyV659Vo2wkRt9yt/view?usp=sharing
2024,K/L,Badan Keamanan Laut (Bakamla),Kesepakatan Bersama,MKP,13/MEN-KP/KB/X/2024,Kepala Bakamla,KS.01/15/X/2024,5,10/14/2024,10/14/2029,Berlaku,Dokumen,https://drive.google.com/file/d/1KBD9uYZ8eDBHmjWK8NRafcR2_sQGwsZG/view?usp=drive_link
2024,K/L,Badan Kependudukan dan Keluarga Berencana Nasional (BKKBN),Kesepakatan Bersama,MKP,14/MEN-KP/KB/IV/2024,Plt. Kepala BKKBN,20/KSM/G2/2024,5,10/14/2024,10/14/2029,Berlaku,Dokumen,https://drive.google.com/file/d/1tMS6RfpAV4d2QDG9-5m__jGcBMsH8UNd/view?usp=sharing
2024,K/L,Kepolisian Negara Republik Indonesia,Nota Kesepahaman,Kapolri,NK/46/X/2024,MKP,15/MEN-KP/KB/X/2024,5,10/14/2024,10/14/2029,Berlaku,Dokumen,https://drive.google.com/file/d/1ILTV4Fqcbcbn_DjdcSRiL3er0jWRGcJd/view?usp=sharing
2024,Universitas,Universitas Diponegoro,Nota Kesepahaman,MKP,12/MEN-Kp/NK/V/2024,Rektor Universitas Diponegoro,80/UN7.A/KS/2024,5,5/27/2024,5/27/2029,Berlaku,Dokumen,https://drive.google.com/file/d/18kpRu_0IYRuS8vNtSpIXYtB0_o15OPFK/view?usp=drive_link
2024,K/L,BRIN,Nota Kesepahaman,MKP,10/MEN-KP/KB/IV/2024,Ka BRIN,32/I/KS/04/2024,5,4/30/2024,4/30/2029,Berlaku,Dokumen,https://drive.google.com/file/d/1FH7zoKuCZLBoD2u6OjLnNwOLi2v526pT/view?usp=drive_link
2024,K/L,Badan Karantina Indonesia,Kesepakatan Bersama,MKP,11/MEN-KP/KB/IV/2024,Ka Badan Karantina Indonesia,3292/HK.220/A/4/2024,5,4/29/2024,4/29/2029,Berlaku,Dokumen,https://drive.google.com/file/d/1TYBodEzBMyVgwHgL2cl6NTE9l5TjA6d5/view?usp=drive_link
2024,K/L,Kementerian Pekerjaan Umum dan Perumahan Rakyat,Kesepakatan Bersama,MKP,08/MEN-KP/KB/II/2024,Men PUPR,01/PKS/M/2024,5,2/13/2024,2/13/2029,Berlaku,Dokumen,https://drive.google.com/file/d/1CvmRYNL_7U5v8CGOkqN2eW-1cEsSKtbH/view?usp=drive_link
2024,K/L,Kementerian Pertanian,Kesepakatan Bersama,MKP,07/MEN-KP/KB/II/2024,Men Pertanian,01/MoU/HK220/M/02/2024,5,2/13/2024,2/13/2029,Berlaku,Dokumen,https://drive.google.com/file/d/1cYKc4vlBm5iT44NrFOp6RsBRiGbpq7ur/view?usp=drive_link
2024,Universitas,Universitas Syiah Kuala,Kesepakatan Bersama,MKP,06/MEN-KP/KB/II/2024,Rektor Universitas Syiah Kuala,43/UN11/HK.02.03//2024,5,2/5/2024,2/5/2029,Berlaku,Dokumen,https://drive.google.com/file/d/1ekvWcJuPOuJz1_0Bn7p1n9hH8c7p2aTe/view?usp=drive_link
2024,K/L,Kementerian Dalam Negeri,Nota Kesepahaman,MKP,01/MEN-KP/KB/II/2024,Menteri Dalam Negeri,500.5.1/653/SJ,5,2/5/2024,2/5/2029,Berlaku,Dokumen,https://drive.google.com/file/d/1LE1evabMX9j4mj2S-P5naQBPJPeCvzmC/view?usp=sharing
2024,K/L,Kementerian Agraria dan Tata Ruang/ATR BPN,Nota Kesepahaman,MKP,02/MEN-KP/KB/II/2024,Menteri ATR/BPN,3/SKB-HK.03.01/II/2024,5,2/5/2024,2/5/2029,Berlaku,Dokumen,https://drive.google.com/file/d/1d6lZnAoRVRWr1UvTTAFKD3jRnvTocyls/view?usp=sharing
2024,K/L,Badan Pengawasan Keuangan dan Pembangunan )BPKP),Nota Kesepahaman,MKP,03/MEN-KP/KB/II/2024,Kepala BPKP,HK.02/MoU-1/K/D1/2024,5,2/5/2024,2/5/2029,Berlaku,Dokumen,https://drive.google.com/file/d/1OKPe7-nMeh42t_eLWNU9kwLx8A9YQhRC/view?usp=sharing
2024,Universitas,Universitas Hasanuddin,Kesepakatan Bersama,MKP,04/MEN-KP/KB/II/2024,Rektor,04360/UN4.1/HK.07/2024,5,2/5/2024,2/5/2029,Berlaku,Dokumen,https://drive.google.com/file/d/1I_r578tnDT6d0EPbsyTKWBZ5wmcCWwrn/view?usp=sharing
2024,Universitas,Universitas Brawijaya,Kesepakatan Bersama,MKP,05/MEN-KP/KB/II/2024,Rektor,17.1/UN10.A0406/HK.07.00.2/2024,5,2/5/2024,2/5/2029,Berlaku,Dokumen,https://drive.google.com/file/d/1-BXr8xGdLNQOWk8vsfkyb5jw1wNR6Md0/view?usp=sharing
2024,K/L,Kejaksaan Republik Indonesia,Nota Kesepahaman,MKP,17/MEN-KP/NK/X/2024,Jaksa Agung,9 Tahun 2024,3,10/31/2024,10/31/2027,Berlaku,Dokumen,https://drive.google.com/file/d/1IAv4BFC1ry37RZn0QegPv9ICqoNM3wCT/view?usp=sharing
2024,BUMN,PT Bank Mandiri (PERSERO) Tbk,Nota Kesepahaman,MKP,16/MEN-KP/NK/X/2024,Dirut PT Bank Mandiri (PERSERO) Tbk,DIR.MOU/23.A/2024,3,10/21/2024,10/21/2027,Berlaku,Dokumen,https://drive.google.com/file/d/1Dd3MYViYz6EGHZg03WZ8ctxZ-rewNdic/view?usp=sharing
2024,Universitas,"1. Fakultas Ilmu Budaya, UGM  
2. Fakultas Ilmu Budaya, UI 
3. Fakultas Ilmu Budaya, UnHas",Perjanjian Kerja Sama,Dirjen PKRL,11/DJPKRL/KS.320/VIII/2024,"1. Dekan Fakultas Ilmu Budaya, UGM
2. Dekan Fakultas Ilmu Pengetahuan Budaya, UI
3. Dekan Fakultas Ilmu Budaya, UnHas","2633/UN1.FIB/Sek.Dek/2024
        /PKS/FIB/UI/2024
3943/UN4.9/HK.07.00/2024",3,8/29/2024,8/29/2027,Berlaku,Dokumen,https://drive.google.com/file/d/1Y6aMl450sZRyCOcuYVomtLfFxPVbvLEo/view?usp=sharing
2024,Universitas,Universitas Padjadjaran,Kesepakatan Bersama,MKP,09/MEN-KP/KB/III/2024,Rektor Universitas Padjadjaran,152/UN6.RKT/HK.07.00/2024 - MOU,3,3/5/2024,3/5/2027,Berlaku,Dokumen,https://drive.google.com/file/d/1SBEITyM1nz3wdjzFPKR2b7p5u4C-X9oq/view?usp=drive_link
2025,Swasta,PT. Jatim Grha Utama,Perjanjian Kerja Sama,Sekjen KKP,01/SJ/KKP/PKS/V/2013,Direktur PT JGU,01/JGU/NK/V..2013,30,07/04/2025,07/04/2055,Berlaku,Dokumen,https://drive.google.com/file/d/11MoEF9t_a8KuUAE1tINpYOx7I_wq0SoT/view?usp=drive_link
2025,Universitas,Institut Teknologi Bandung,Kesepakatan Bersama,MKP,10/MEN-KP/KB/XI/2025,Rektor ITB,85/IT1.A/KS.00/2025,5,11/28/2025,11/28/2030,Berlaku,Dokumen,https://drive.google.com/file/d/1Be8XDkcHQfNkF0GMRfjZgO_56e-Fvg_u/view?usp=drive_link
2025,K/L,Kementerian Imigrasi dan Pemasyarakatan ,Nota Kesepahaman,Menteri Imigrasi dan Pemasyarkatan,MIP-HK.01.05-82 TAHUN 2025,MKP,08/MEN-KP/NK/XI/2025,5,11/05/2025,11/05/2030,Berlaku,Dokumen,https://drive.google.com/file/d/14gosnafOvjxiJCiYE0FD_iV198DSNeI7/view?usp=drive_link
2025,K/L,Kementerian Hukum,Nota Kesepahaman,Menteri Hukum,M.HH-31.HH.04.05 Tahun 2025,MKP,07/MEN-KP/NK/IX/2025,5,09/11/2025,09/11/2030,Berlaku,Dokumen,https://drive.google.com/file/d/1pHy-anVrzOQVGe3J7jW-ualmhEIcXgOd/view?usp=drive_link
2025,K/L,Kementerian Agama,Nota Kesepahaman,Menteri Agama,Nomor 23 Tahun 2025,MKP,06/MEN-KP/NK/VIII/2025,5,08/19/2025,08/19/2030,Berlaku,Dokumen,https://drive.google.com/file/d/12iVcE-__vZh_bENOSeHmbYz0V7RQWN71/view?usp=drive_link
2025,Ormas,Asosiasi Pengusaha Bumiputera Nusantara Indonesia,Nota Kesepahaman,Sekjen KKP,05/MEN-KP/NK/VIII/2025,Ketua Umum Asosiasi,68/DPP/ASPRINDO/VII/2025,5,08/08/2025,08/08/2030,Berlaku,Dokumen,https://drive.google.com/file/d/1eACYiceIFGHBYCViN19AcHk5Etr0IHPL/view?usp=drive_link
2025,K/L,Kementerian Pekerjaan Umum,Kesepakatan Bersama,MKP,04/MEN-KP/KB/VIII/2025,Menteri Pekerjaan Umum,11/PKS/M/2025,5,08/06/2025,08/06/2030,Berlaku,Dokumen,https://drive.google.com/file/d/1Hs47H14835DeKXl02dWZmPNieEojHgu1/view?usp=drive_link
2025,Pemda,Pemprov DKI,Nota Kesepakatan,MKP,04/MEN-KP/NK/VIII/2025,Gubernur DKI,22 TAHUN 2025,5,08/06/2025,08/06/2030,Berlaku,Dokumen,https://drive.google.com/file/d/1UtW3BKaKvP69DKu12O52W8IHXs5YS66t/view?usp=drive_link
2025,K/L,Direktorat Jenderal Anggaran,Perjanjian Kerja Sama,Direktur Jenderal Anggaran,PRJ-1/AG/2025,Sekjen KKP,03/SJ/KKP/PKS/VII/2025,5,07/15/2025,07/15/2030,Berlaku,Dokumen,https://drive.google.com/file/d/1c_i6-xoWkdwnKsL2gcxTZl-5IhYwQjbw/view?usp=drive_link
2025,Pemda,Pemkab Indramayu,Nota Kesepakatan,Dirjen PB,01/DJPB/KKP/NK/VI/2025,Bupati Indramayu,100.3.7.1/NK.02/TAPEM/2025,5,06/28/2025,06/28/2030,Berlaku,Dokumen,https://drive.google.com/file/d/1h0sJ4g4k8V8Vq63kkpeo5Hakwiwpepn5/view?usp=drive_link
2025,Pemda,Pemkab Subang,Nota Kesepakatan,Dirjen PB,03/DJPB/KKP/NK/VI/2025,Bupati Subang,Hm.03/NK.40-KSD/2025,5,06/27/2025,06/27/2030,Berlaku,Dokumen,https://drive.google.com/file/d/1f1YgU1Hh81WXEggwuCF4ZM8_fgIg7sy0/view?usp=drive_link
2025,Pemda,Pemkab Karawang,Nota Kesepakatan,Dirjen PB,02/DJPB/KKP/NK/VI/2025,Bupati Karawang,100.2.2/1618/KD,5,06/26/2025,06/26/2030,Berlaku,Dokumen,https://drive.google.com/file/d/1inYJlnvmi20SrNJ9p2Tb482pvMnJhM7X/view?usp=drive_link
2025,Pemda,Pemprov Jawa Barat,Nota Kesepakatan,MKP,02/MEN-KP/NK/VI/2025,Gubernur Jawa Barat,36/DG.02.02.01/PEMOTDA,5,06/25/2025,06/25/2030,Berlaku,Dokumen,https://drive.google.com/file/d/1O9mwuTVFIbdayhljTrIDYRkgosvlfbpr/view?usp=drive_link
2025,Pemda,Pemkab Bekasi,Nota Kesepakatan,Dirjen PB,04/DJPB/KKP/NK/VI/2025,Bupati Bekasi,100.3.7.1/91/DISKAN/2025,5,06/25/2025,06/25/2030,Berlaku,Dokumen,https://drive.google.com/file/d/1yFOr8phQ1yoq8u_Pc9Q06SbaetUcS2PL/view?usp=drive_link
2025,Ormas,Perkumpulan Prakarsa Laut Berkelanjutan dan Berkeadilan Indonesia,Nota Kesepahaman,Sekjen KKP,03/MEN-KP/NK/VI/2025,CEO Perkumpulan Prakarsa Laut Berkelanjutan dan Berkeadilan Indonesia,LEM.003.05/IOJI/VI/2025,5,06/05/2025,05/06/2030,Berlaku,Dokumen,https://drive.google.com/file/d/1wgtaZgmqkkGFrZrr5AaDMBk-XAY7yHQ6/view?usp=drive_link
2025,K/L,Kementerian Pemberdayaan Perempuan dan Perlindungan Anak,Kesepakatan Bersama,MKP,02/MEN-KP/KB/IV/2025,Menteri KPPPA,022/Men/KL.01/04/2025,5,04/21/2025,04/21/2030,Berlaku,Dokumen,https://drive.google.com/file/d/1u5MneTNMfSlymbAV5lcyUzuXqt0pfbf7/view?usp=drive_link
2025,K/L,PP Muhammadiyah,Nota Kesepahaman,MKP,01/MEN-KP/NK/III/2025,Ketua Umum PP Muhammadiyah,051/I.0/A/2025,5,03/06/2025,03/06/2030,Berlaku,Dokumen,https://drive.google.com/file/d/1pleqV9cvj6av4JmghUkd-56CaAcXuDuA/view?usp=drive_link
2025,K/L,Kementerian Pelindungan Pekerja Migran Indonesia,Kesepakatan Bersama,MKP,01/MEN-KP/KB/I/2025,Menteri KP2MI/BP2MI,MoU.2/02.01/KS.01/I/2025,5,01/20/2025,01/20/2030,Berlaku,Dokumen,https://drive.google.com/file/d/111e7PiUjnim182fvuFnySxeJzqn285B9/view?usp=drive_link
2025,K/L,Badan Standardisasi Nasional,Nota Kesepahaman,MKP,09/MEN-KP/NK/XI/2025,Plt. Kepala Badan Standardisasi Nasional,004/BSN/MOU/XI/2025,4,11/26/2025,11/26/2029,Berlaku,Dokumen,https://drive.google.com/file/d/1c1neMHCkGKo3ElwnWvMpRvoF2S6CGV9k/view?usp=drive_link
2025,K/L,Pusat Hidro-Oseanografi TNI AL,Perjanjian Kerja Sama,Sekjen KKP,04/SJ/KKP/PKS/X/2025,Komandan Pushidrosal,PKS/45/X/2025,3,10/15/2025,10/15/2028,Berlaku,Dokumen,https://drive.google.com/file/d/1ED-jcYNfB0kt_urISShxjGexYNEm25h8/view?usp=drive_link
2025,Universitas,Universitas Muslim Indonesia,Kesepakatan Bersama,Sekjen KKP,01/SJ/KKP/KB/II/2025,Rektor UMI,0503/C.06/UMI/II/2025,3,02/24/2025,02/24/2028,Berlaku,Dokumen,https://drive.google.com/file/d/1EQdaqQidTCyiCOwZo67bUi5Yv8pGzF6s/view?usp=drive_link
2025,BUMN,PT Bank Negara Indonesia (PERSERO) Tbk,Perjanjian Kerja Sama,Sekjen KKP,01/SJ/KKP/PKS/VI/2025,Drektur Consumer Banking PT Bank Negara Indonesia (PERSERO) Tbk,DIR/409.1,3,06/02/2025,02/06/2028,Berlaku,Dokumen,https://drive.google.com/file/d/1misbFUIptXm-PlaqrGmjQ2egsfzY_1g9/view?usp=drive_link
2025,Ormas,RARE,Memorandum Saling Pengertian,Sekjen KKP,0,Vise President RARE,0,3,01/13/2025,01/13/2025,Berlaku,Dokumen,https://drive.google.com/file/d/1xaEeWXQqiD-xt6tEopXLKFKJ2aeBlwkT/view?usp=drive_link
2025,Pemda,Pemprov Bali,Nota Kesepakatan,MKP,03/MEN-KP/NK/VI/2025,Gubernur Bali,B.36.100.3.7/38760/KS/B.PEM.KESRA,5,08/06/2025,08/06/2020,Berlaku,Dokumen,https://drive.google.com/file/d/1sPcUvsLALRV-cVSdFpAFZou1HF8HRdPg/view?usp=drive_link
2025,K/L,Kementerian Lingkungan Hidup,Kesepakatan Bersama,MKP,05/MEN-KP/KB/VIII/2025,Menteri KLH,PKS.26/A/C/KUM.2.2/B/08/2025,5,08/06/2025,08/06/2020,Berlaku,Dokumen,https://drive.google.com/file/d/1Jmvx6L0JQbv2_4yhSST6_TsLSagvlxpE/view?usp=drive_link
2026,K/L,Kementerian Ketenagakerjaan,Kesepahaman Bersama,MKP,03/MEN-KP/NK/II/2026,Menteri Ketenagakerjaan,M/4/KS.06/II/2026,5,9/30/2022,9/30/2027,Berlaku,Dokumen,https://drive.google.com/file/d/1p9Big-PHfNowSVNuVn2GKKOyKbOFdweZ/view?usp=drive_link
2026,K/L,Badan Percepatan Pengentasan Kemiskinan,Nota Kesepahaman,MKP,07/MEN-KP/NK/II/2026,Ka. Badan Percepatan Pengentasan Kemiskinan,05/NK/KBN02/2026,3,2/20/2026,2/20/2029,Berlaku,Dokumen,https://drive.google.com/file/d/1Hj9WpVnDTUXblHp8WymtNVePGrakoeDU/view?usp=drive_link
2026,K/L,Badan Penyelenggara Jaminan Produk Halal,Nota Kesepahaman,MKP,01/MEN-KP/NK/I/2026,Ka. BPJPH,2 TAHUN 2026,4,1/7/2026,1/7/2030,Berlaku,Dokumen,https://drive.google.com/file/d/1MruwEVrrgp7y-O1KDyNWu376w900CgdV/view?usp=drive_link
2026,K/L,Kementerian Parawisata,Nota Kesepahaman,MKP,08/MEN-KP/NK/III/2026,MenPar,KB/1/HK.07/MP/2026,4,3/17/2026,3/17/2030,Berlaku,Dokumen,https://drive.google.com/file/d/10-hBjIxSQU2KAppStFNqU1a5O8dZ-Sh8/view?usp=drive_link
2026,K/L,Badan Pusat Statistik,Perjanjian Kerja Sama,Sekjen KKP,01/SJ/KKP/PKS/I/2026,Plt. Sek. Utama BPS,A.1/HK.610/PKS/01/2026,5,1/2/2026,1/2/2031,Berlaku,Dokumen,https://drive.google.com/file/d/1YdFA7-fZRlDSSS82KOvfm-3D-q6V410q/view?usp=drive_link
2026,K/L,Tentara Nasional Indonesia,Nota Kesepahaman,MKP,02/MEN-KP/NK/I/2026,Panglima TNI,NK/4/II/2026/TNI,5,2/4/2026,2/4/2031,Berlaku,Dokumen,https://drive.google.com/file/d/1O8VXmcQGDPNWxg0umdtsYiimQ1iP7arL/view?usp=drive_link
2026,K/L,Badan Gizi Nasional,Kesepakatan Bersama,MKP,04/MEN-KP/NK/I/2026,Ka. BGN,06.1?NK.01/02/2026,5,2/9/2026,2/9/2031,Berlaku,Dokumen,https://drive.google.com/file/d/1AafoJMI5ejVIF3LsaUgTYdGLV827GAQN/view?usp=drive_link
2026,K/L,Badan Narkotika Nasional,Nota Kesepahaman,Ka. BNN,NK/12/II/KA/HK.02/2026/BNN,MKP,05/MEN-KP/NK/II/2026,5,2/19/2026,2/19/2031,Berlaku,Dokumen,https://drive.google.com/file/d/1G_1WL6DIL2w5w3Vq6TvzFcy4sbKOP5zl/view?usp=drive_link
2026,K/L,Pusat Pelaporan dan Analisis Transaksi Keuangan,Nota Kesepahaman,MKP,06/MEN-KP/NK/II/2026,Ka.PPATK,NK/04/DN.04/1/II/2026,5,2/19/2026,2/19/2031,Berlaku,Dokumen,https://drive.google.com/file/d/17VjXJV26lh2mTrjpZ9JVMoXpcnp8dFgd/view?usp=drive_link
,,,,,,,,,,,,,
,,,,,,,,,,,,,
,,,,,,,,,,,,,
,,,,,,,,,,,,,
,,,,,,,,,,,,,
,,,,,,,,,,,,,
,,,,,,,,,,,,,
,,,,,,,,,,,,,
,,,,,,,,,,,,,
,,,,,,,,,,,,,
,,,,,,,,,,,,,
,,,,,,,,,,,,,
,,,,,,,,,,,,,
,,,,,,,,,,,,,
,,,,,,,,,,,,,
,,,,,,,,,,,,,
,,,,,,,,,,,,,
,,,,,,,,,,,,,
,,,,,,,,,,,,,
,,,,,,,,,,,,,
,,,,,,,,,,,,,
,,,,,,,,,,,,,
,,,,,,,,,,,,,
,,,,,,,,,,,,,
,,,,,,,,,,,,,
,,,,,,,,,,,,,
,,,,,,,,,,,,,
,,,,,,,,,,,,,
,,,,,,,,,,,,,
,,,,,,,,,,,,,
,,,,,,,,,,,,,
,,,,,,,,,,,,,
,,,,,,,,,,,,,
,,,,,,,,,,,,,
,,,,,,,,,,,,,
,,,,,,,,,,,,,
,,,,,,,,,,,,,
,,,,,,,,,,,,,
,,,,,,,,,,,,,
,,,,,,,,,,,,,
,,,,,,,,,,,,,
,,,,,,,,,,,,,
,,,,,,,,,,,,,
,,,,,,,,,,,,,
,,,,,,,,,,,,,
,,,,,,,,,,,,,
,,,,,,,,,,,,,
,,,,,,,,,,,,,
,,,,,,,,,,,,,
,,,,,,,,,,,,,
,,,,,,,,,,,,,
, ,,,,,,,,,,,,